REGIONE,NOME_REGIONE,MESE,GIORNO,DECESSI_2015,DECESSI_2016,DECESSI_2017,DECESSI_2018,DECESSI_2019
01,Piemonte,1,1,137,148,173,220,180
01,Piemonte,1,2,175,150,227,220,171
01,Piemonte,1,3,160,135,209,209,150
01,Piemonte,1,4,174,155,188,243,144
01,Piemonte,1,5,192,146,232,241,174
01,Piemonte,1,6,181,155,181,234,150
01,Piemonte,1,7,185,142,215,209,171
01,Piemonte,1,8,177,154,233,217,164
01,Piemonte,1,9,179,160,194,220,148
01,Piemonte,1,10,181,148,210,231,174
01,Piemonte,1,11,168,165,210,203,156
01,Piemonte,1,12,167,153,205,237,182
01,Piemonte,1,13,187,141,222,211,153
01,Piemonte,1,14,192,141,201,207,182
01,Piemonte,1,15,175,162,191,224,175
01,Piemonte,1,16,173,137,227,224,162
01,Piemonte,1,17,183,129,202,200,176
01,Piemonte,1,18,181,183,207,191,184
01,Piemonte,1,19,172,156,202,196,183
01,Piemonte,1,20,164,158,188,163,154
01,Piemonte,1,21,187,157,219,179,176
01,Piemonte,1,22,181,156,196,205,171
01,Piemonte,1,23,203,156,211,196,154
01,Piemonte,1,24,198,163,181,187,172
01,Piemonte,1,25,161,167,211,163,174
01,Piemonte,1,26,167,158,173,191,167
01,Piemonte,1,27,188,173,187,191,167
01,Piemonte,1,28,199,161,160,158,168
01,Piemonte,1,29,167,132,172,182,167
01,Piemonte,1,30,186,154,182,186,173
01,Piemonte,1,31,183,149,179,172,190
01,Piemonte,2,1,188,154,189,198,193
01,Piemonte,2,2,199,155,182,185,195
01,Piemonte,2,3,207,134,192,143,200
01,Piemonte,2,4,193,158,182,160,186
01,Piemonte,2,5,175,143,160,178,175
01,Piemonte,2,6,201,160,181,164,193
01,Piemonte,2,7,176,161,193,165,181
01,Piemonte,2,8,189,145,153,152,206
01,Piemonte,2,9,184,132,198,155,171
01,Piemonte,2,10,223,154,166,163,210
01,Piemonte,2,11,187,137,164,167,191
01,Piemonte,2,12,185,147,139,144,177
01,Piemonte,2,13,185,150,184,160,191
01,Piemonte,2,14,181,152,170,162,187
01,Piemonte,2,15,208,163,163,143,195
01,Piemonte,2,16,185,146,154,168,185
01,Piemonte,2,17,184,140,166,162,200
01,Piemonte,2,18,177,134,171,184,190
01,Piemonte,2,19,159,124,153,151,172
01,Piemonte,2,20,178,154,126,150,181
01,Piemonte,2,21,191,142,164,156,188
01,Piemonte,2,22,176,151,153,171,176
01,Piemonte,2,23,182,143,159,157,161
01,Piemonte,2,24,152,148,158,151,149
01,Piemonte,2,25,163,149,154,140,145
01,Piemonte,2,26,172,148,142,148,154
01,Piemonte,2,27,174,136,149,144,167
01,Piemonte,2,28,161,136,180,174,181
01,Piemonte,2,29,0,134,0,0,0
01,Piemonte,3,1,177,147,147,167,165
01,Piemonte,3,2,175,166,127,152,163
01,Piemonte,3,3,168,164,149,179,168
01,Piemonte,3,4,164,137,155,165,168
01,Piemonte,3,5,171,162,169,161,159
01,Piemonte,3,6,145,143,133,171,154
01,Piemonte,3,7,174,173,158,172,158
01,Piemonte,3,8,140,127,120,164,147
01,Piemonte,3,9,162,153,156,168,161
01,Piemonte,3,10,177,153,161,164,148
01,Piemonte,3,11,178,155,142,177,156
01,Piemonte,3,12,157,153,153,170,147
01,Piemonte,3,13,173,146,143,154,160
01,Piemonte,3,14,168,172,137,177,156
01,Piemonte,3,15,159,151,150,156,162
01,Piemonte,3,16,127,157,151,156,131
01,Piemonte,3,17,152,166,142,140,167
01,Piemonte,3,18,151,156,142,158,136
01,Piemonte,3,19,146,151,146,138,138
01,Piemonte,3,20,149,157,142,137,147
01,Piemonte,3,21,136,169,163,131,152
01,Piemonte,3,22,135,151,146,138,129
01,Piemonte,3,23,137,154,148,154,142
01,Piemonte,3,24,151,146,139,132,137
01,Piemonte,3,25,136,151,129,130,153
01,Piemonte,3,26,134,122,135,156,122
01,Piemonte,3,27,129,147,148,168,131
01,Piemonte,3,28,164,152,138,161,138
01,Piemonte,3,29,145,136,118,166,148
01,Piemonte,3,30,145,184,158,120,130
01,Piemonte,3,31,134,147,141,143,109
01,Piemonte,4,1,137,149,136,129,146
01,Piemonte,4,2,145,152,131,149,163
01,Piemonte,4,3,153,158,139,138,144
01,Piemonte,4,4,134,155,139,147,164
01,Piemonte,4,5,154,144,139,142,147
01,Piemonte,4,6,156,142,141,134,125
01,Piemonte,4,7,129,147,127,117,130
01,Piemonte,4,8,137,145,140,147,130
01,Piemonte,4,9,157,129,118,138,131
01,Piemonte,4,10,177,151,142,132,154
01,Piemonte,4,11,144,134,134,159,132
01,Piemonte,4,12,153,130,151,145,135
01,Piemonte,4,13,159,158,141,157,139
01,Piemonte,4,14,156,140,139,144,145
01,Piemonte,4,15,178,141,123,124,144
01,Piemonte,4,16,138,124,136,131,120
01,Piemonte,4,17,145,158,144,142,146
01,Piemonte,4,18,136,109,124,155,154
01,Piemonte,4,19,130,125,138,143,131
01,Piemonte,4,20,112,130,124,134,125
01,Piemonte,4,21,154,140,113,134,150
01,Piemonte,4,22,129,124,119,126,120
01,Piemonte,4,23,178,119,136,135,126
01,Piemonte,4,24,119,100,157,143,126
01,Piemonte,4,25,143,102,148,136,109
01,Piemonte,4,26,124,133,126,156,133
01,Piemonte,4,27,143,136,143,133,108
01,Piemonte,4,28,135,134,130,131,110
01,Piemonte,4,29,125,134,130,112,116
01,Piemonte,4,30,148,122,137,124,118
02,Valle d'Aosta/Vallée d'Aoste,1,1,2,4,4,5,5
02,Valle d'Aosta/Vallée d'Aoste,1,2,2,3,3,6,5
02,Valle d'Aosta/Vallée d'Aoste,1,3,5,4,9,5,3
02,Valle d'Aosta/Vallée d'Aoste,1,4,6,2,3,6,4
02,Valle d'Aosta/Vallée d'Aoste,1,5,6,4,6,3,5
02,Valle d'Aosta/Vallée d'Aoste,1,6,1,6,1,2,1
02,Valle d'Aosta/Vallée d'Aoste,1,7,5,7,4,7,5
02,Valle d'Aosta/Vallée d'Aoste,1,8,6,5,6,5,3
02,Valle d'Aosta/Vallée d'Aoste,1,9,9,5,7,8,6
02,Valle d'Aosta/Vallée d'Aoste,1,10,3,5,9,8,3
02,Valle d'Aosta/Vallée d'Aoste,1,11,3,3,6,9,5
02,Valle d'Aosta/Vallée d'Aoste,1,12,7,6,8,6,5
02,Valle d'Aosta/Vallée d'Aoste,1,13,5,2,2,5,9
02,Valle d'Aosta/Vallée d'Aoste,1,14,5,4,7,2,7
02,Valle d'Aosta/Vallée d'Aoste,1,15,6,4,6,10,3
02,Valle d'Aosta/Vallée d'Aoste,1,16,5,4,4,7,8
02,Valle d'Aosta/Vallée d'Aoste,1,17,7,4,6,2,6
02,Valle d'Aosta/Vallée d'Aoste,1,18,2,7,11,5,5
02,Valle d'Aosta/Vallée d'Aoste,1,19,3,9,6,3,5
02,Valle d'Aosta/Vallée d'Aoste,1,20,6,3,4,6,1
02,Valle d'Aosta/Vallée d'Aoste,1,21,4,5,3,5,4
02,Valle d'Aosta/Vallée d'Aoste,1,22,2,3,8,2,4
02,Valle d'Aosta/Vallée d'Aoste,1,23,3,1,2,3,5
02,Valle d'Aosta/Vallée d'Aoste,1,24,6,1,9,5,1
02,Valle d'Aosta/Vallée d'Aoste,1,25,6,2,6,5,4
02,Valle d'Aosta/Vallée d'Aoste,1,26,9,2,5,5,5
02,Valle d'Aosta/Vallée d'Aoste,1,27,5,6,1,3,3
02,Valle d'Aosta/Vallée d'Aoste,1,28,2,1,2,6,8
02,Valle d'Aosta/Vallée d'Aoste,1,29,6,0,8,4,7
02,Valle d'Aosta/Vallée d'Aoste,1,30,1,3,9,8,2
02,Valle d'Aosta/Vallée d'Aoste,1,31,6,5,10,5,7
02,Valle d'Aosta/Vallée d'Aoste,2,1,7,3,5,3,3
02,Valle d'Aosta/Vallée d'Aoste,2,2,6,4,5,3,4
02,Valle d'Aosta/Vallée d'Aoste,2,3,6,2,2,6,3
02,Valle d'Aosta/Vallée d'Aoste,2,4,5,3,2,5,3
02,Valle d'Aosta/Vallée d'Aoste,2,5,3,1,10,7,9
02,Valle d'Aosta/Vallée d'Aoste,2,6,7,3,6,4,5
02,Valle d'Aosta/Vallée d'Aoste,2,7,3,5,3,2,1
02,Valle d'Aosta/Vallée d'Aoste,2,8,5,6,3,4,3
02,Valle d'Aosta/Vallée d'Aoste,2,9,7,3,6,1,4
02,Valle d'Aosta/Vallée d'Aoste,2,10,2,3,4,5,5
02,Valle d'Aosta/Vallée d'Aoste,2,11,5,3,3,2,7
02,Valle d'Aosta/Vallée d'Aoste,2,12,3,10,5,4,5
02,Valle d'Aosta/Vallée d'Aoste,2,13,10,7,4,8,5
02,Valle d'Aosta/Vallée d'Aoste,2,14,5,6,4,7,4
02,Valle d'Aosta/Vallée d'Aoste,2,15,5,0,4,9,7
02,Valle d'Aosta/Vallée d'Aoste,2,16,3,4,3,5,5
02,Valle d'Aosta/Vallée d'Aoste,2,17,3,2,3,9,2
02,Valle d'Aosta/Vallée d'Aoste,2,18,7,5,4,5,5
02,Valle d'Aosta/Vallée d'Aoste,2,19,3,10,7,3,4
02,Valle d'Aosta/Vallée d'Aoste,2,20,3,4,8,5,5
02,Valle d'Aosta/Vallée d'Aoste,2,21,6,2,3,4,4
02,Valle d'Aosta/Vallée d'Aoste,2,22,2,9,8,3,4
02,Valle d'Aosta/Vallée d'Aoste,2,23,0,4,5,6,4
02,Valle d'Aosta/Vallée d'Aoste,2,24,8,5,2,4,8
02,Valle d'Aosta/Vallée d'Aoste,2,25,10,1,4,4,5
02,Valle d'Aosta/Vallée d'Aoste,2,26,5,2,3,4,2
02,Valle d'Aosta/Vallée d'Aoste,2,27,7,4,4,7,3
02,Valle d'Aosta/Vallée d'Aoste,2,28,5,1,4,4,4
02,Valle d'Aosta/Vallée d'Aoste,2,29,0,2,0,0,0
02,Valle d'Aosta/Vallée d'Aoste,3,1,5,2,7,1,7
02,Valle d'Aosta/Vallée d'Aoste,3,2,1,3,3,4,6
02,Valle d'Aosta/Vallée d'Aoste,3,3,4,9,6,6,3
02,Valle d'Aosta/Vallée d'Aoste,3,4,5,4,5,8,6
02,Valle d'Aosta/Vallée d'Aoste,3,5,3,1,5,3,4
02,Valle d'Aosta/Vallée d'Aoste,3,6,2,2,2,4,2
02,Valle d'Aosta/Vallée d'Aoste,3,7,9,2,4,4,3
02,Valle d'Aosta/Vallée d'Aoste,3,8,6,3,3,7,4
02,Valle d'Aosta/Vallée d'Aoste,3,9,7,7,5,5,8
02,Valle d'Aosta/Vallée d'Aoste,3,10,9,5,5,4,5
02,Valle d'Aosta/Vallée d'Aoste,3,11,3,1,5,0,2
02,Valle d'Aosta/Vallée d'Aoste,3,12,5,6,6,4,6
02,Valle d'Aosta/Vallée d'Aoste,3,13,1,7,3,6,4
02,Valle d'Aosta/Vallée d'Aoste,3,14,3,3,3,5,5
02,Valle d'Aosta/Vallée d'Aoste,3,15,1,2,3,6,4
02,Valle d'Aosta/Vallée d'Aoste,3,16,5,6,4,4,3
02,Valle d'Aosta/Vallée d'Aoste,3,17,4,3,2,3,5
02,Valle d'Aosta/Vallée d'Aoste,3,18,6,4,4,1,4
02,Valle d'Aosta/Vallée d'Aoste,3,19,4,6,4,5,3
02,Valle d'Aosta/Vallée d'Aoste,3,20,4,1,3,3,5
02,Valle d'Aosta/Vallée d'Aoste,3,21,3,4,2,5,1
02,Valle d'Aosta/Vallée d'Aoste,3,22,3,9,5,2,2
02,Valle d'Aosta/Vallée d'Aoste,3,23,3,7,4,7,7
02,Valle d'Aosta/Vallée d'Aoste,3,24,3,2,6,3,3
02,Valle d'Aosta/Vallée d'Aoste,3,25,5,1,1,4,5
02,Valle d'Aosta/Vallée d'Aoste,3,26,8,7,4,2,8
02,Valle d'Aosta/Vallée d'Aoste,3,27,4,2,3,5,7
02,Valle d'Aosta/Vallée d'Aoste,3,28,5,2,1,4,4
02,Valle d'Aosta/Vallée d'Aoste,3,29,4,6,2,6,4
02,Valle d'Aosta/Vallée d'Aoste,3,30,3,2,0,2,3
02,Valle d'Aosta/Vallée d'Aoste,3,31,5,5,5,10,7
02,Valle d'Aosta/Vallée d'Aoste,4,1,2,1,7,7,5
02,Valle d'Aosta/Vallée d'Aoste,4,2,3,4,3,1,6
02,Valle d'Aosta/Vallée d'Aoste,4,3,7,1,7,3,5
02,Valle d'Aosta/Vallée d'Aoste,4,4,10,3,2,6,3
02,Valle d'Aosta/Vallée d'Aoste,4,5,7,3,2,4,1
02,Valle d'Aosta/Vallée d'Aoste,4,6,8,5,4,3,5
02,Valle d'Aosta/Vallée d'Aoste,4,7,6,6,3,3,2
02,Valle d'Aosta/Vallée d'Aoste,4,8,2,5,2,1,6
02,Valle d'Aosta/Vallée d'Aoste,4,9,4,4,5,0,3
02,Valle d'Aosta/Vallée d'Aoste,4,10,5,4,3,4,5
02,Valle d'Aosta/Vallée d'Aoste,4,11,6,4,4,7,5
02,Valle d'Aosta/Vallée d'Aoste,4,12,4,1,4,3,4
02,Valle d'Aosta/Vallée d'Aoste,4,13,7,6,4,1,4
02,Valle d'Aosta/Vallée d'Aoste,4,14,3,3,2,3,6
02,Valle d'Aosta/Vallée d'Aoste,4,15,7,3,4,5,2
02,Valle d'Aosta/Vallée d'Aoste,4,16,8,3,5,4,4
02,Valle d'Aosta/Vallée d'Aoste,4,17,5,4,4,5,5
02,Valle d'Aosta/Vallée d'Aoste,4,18,4,2,2,1,4
02,Valle d'Aosta/Vallée d'Aoste,4,19,4,5,6,6,3
02,Valle d'Aosta/Vallée d'Aoste,4,20,3,5,5,4,3
02,Valle d'Aosta/Vallée d'Aoste,4,21,1,4,6,3,2
02,Valle d'Aosta/Vallée d'Aoste,4,22,4,4,1,5,3
02,Valle d'Aosta/Vallée d'Aoste,4,23,5,6,3,3,2
02,Valle d'Aosta/Vallée d'Aoste,4,24,7,5,2,3,2
02,Valle d'Aosta/Vallée d'Aoste,4,25,2,2,2,5,2
02,Valle d'Aosta/Vallée d'Aoste,4,26,5,5,4,4,4
02,Valle d'Aosta/Vallée d'Aoste,4,27,3,9,5,5,3
02,Valle d'Aosta/Vallée d'Aoste,4,28,4,4,0,3,4
02,Valle d'Aosta/Vallée d'Aoste,4,29,4,3,3,6,3
02,Valle d'Aosta/Vallée d'Aoste,4,30,3,3,4,2,1
03,Lombardia,1,1,306,265,367,351,286
03,Lombardia,1,2,343,276,403,363,313
03,Lombardia,1,3,337,288,391,344,305
03,Lombardia,1,4,346,285,415,335,298
03,Lombardia,1,5,306,268,426,384,291
03,Lombardia,1,6,380,302,397,376,319
03,Lombardia,1,7,344,275,358,371,331
03,Lombardia,1,8,321,300,409,351,313
03,Lombardia,1,9,355,272,373,388,353
03,Lombardia,1,10,377,278,419,378,306
03,Lombardia,1,11,330,307,401,379,326
03,Lombardia,1,12,311,290,446,390,294
03,Lombardia,1,13,295,283,413,307,304
03,Lombardia,1,14,336,271,429,321,367
03,Lombardia,1,15,349,275,405,364,300
03,Lombardia,1,16,352,301,406,360,342
03,Lombardia,1,17,338,263,405,372,316
03,Lombardia,1,18,303,318,359,352,329
03,Lombardia,1,19,293,325,404,334,289
03,Lombardia,1,20,345,319,360,326,327
03,Lombardia,1,21,362,279,375,330,299
03,Lombardia,1,22,319,287,394,304,313
03,Lombardia,1,23,318,290,356,323,336
03,Lombardia,1,24,312,275,342,330,343
03,Lombardia,1,25,328,292,391,311,344
03,Lombardia,1,26,319,288,381,335,316
03,Lombardia,1,27,324,290,349,342,335
03,Lombardia,1,28,333,266,396,319,381
03,Lombardia,1,29,332,272,348,336,318
03,Lombardia,1,30,336,277,369,355,348
03,Lombardia,1,31,325,274,332,365,334
03,Lombardia,2,1,324,290,356,350,337
03,Lombardia,2,2,353,254,328,319,355
03,Lombardia,2,3,336,272,333,302,348
03,Lombardia,2,4,321,287,326,278,332
03,Lombardia,2,5,360,263,289,313,338
03,Lombardia,2,6,382,303,339,287,319
03,Lombardia,2,7,318,262,346,298,299
03,Lombardia,2,8,342,246,310,323,335
03,Lombardia,2,9,337,286,303,292,352
03,Lombardia,2,10,352,313,302,284,321
03,Lombardia,2,11,337,266,337,269,381
03,Lombardia,2,12,361,316,319,270,332
03,Lombardia,2,13,345,263,308,298,370
03,Lombardia,2,14,353,286,298,277,358
03,Lombardia,2,15,317,275,292,321,301
03,Lombardia,2,16,360,272,319,302,352
03,Lombardia,2,17,322,260,287,339,316
03,Lombardia,2,18,315,274,281,272,321
03,Lombardia,2,19,323,295,279,300,346
03,Lombardia,2,20,325,271,267,299,361
03,Lombardia,2,21,322,286,298,307,334
03,Lombardia,2,22,293,270,285,318,334
03,Lombardia,2,23,310,294,281,281,336
03,Lombardia,2,24,325,282,267,315,298
03,Lombardia,2,25,295,286,299,292,335
03,Lombardia,2,26,294,271,279,300,292
03,Lombardia,2,27,286,250,309,305,335
03,Lombardia,2,28,278,264,285,310,328
03,Lombardia,2,29,0,273,0,0,0
03,Lombardia,3,1,321,271,309,314,324
03,Lombardia,3,2,286,276,313,299,326
03,Lombardia,3,3,328,267,281,291,304
03,Lombardia,3,4,312,283,265,288,324
03,Lombardia,3,5,302,283,280,317,295
03,Lombardia,3,6,276,274,258,305,262
03,Lombardia,3,7,313,261,266,315,316
03,Lombardia,3,8,268,262,277,281,310
03,Lombardia,3,9,314,289,250,287,284
03,Lombardia,3,10,290,279,294,294,305
03,Lombardia,3,11,247,264,251,292,261
03,Lombardia,3,12,312,258,257,322,290
03,Lombardia,3,13,287,281,294,313,316
03,Lombardia,3,14,286,260,278,251,260
03,Lombardia,3,15,272,303,232,268,302
03,Lombardia,3,16,292,273,281,308,302
03,Lombardia,3,17,297,256,269,271,269
03,Lombardia,3,18,261,227,312,292,303
03,Lombardia,3,19,264,267,268,272,280
03,Lombardia,3,20,281,257,266,270,292
03,Lombardia,3,21,301,273,301,286,250
03,Lombardia,3,22,275,272,238,243,298
03,Lombardia,3,23,277,275,289,288,253
03,Lombardia,3,24,303,260,255,257,291
03,Lombardia,3,25,271,271,248,265,281
03,Lombardia,3,26,261,257,250,293,257
03,Lombardia,3,27,270,245,243,254,306
03,Lombardia,3,28,301,253,268,268,252
03,Lombardia,3,29,228,264,246,278,273
03,Lombardia,3,30,293,268,260,278,221
03,Lombardia,3,31,284,279,269,277,260
03,Lombardia,4,1,283,297,269,298,275
03,Lombardia,4,2,275,240,262,250,281
03,Lombardia,4,3,265,232,254,282,311
03,Lombardia,4,4,290,243,253,275,307
03,Lombardia,4,5,276,305,245,261,261
03,Lombardia,4,6,264,270,244,278,273
03,Lombardia,4,7,270,274,249,280,261
03,Lombardia,4,8,276,278,245,266,266
03,Lombardia,4,9,278,263,254,297,282
03,Lombardia,4,10,270,254,246,246,271
03,Lombardia,4,11,247,236,254,282,236
03,Lombardia,4,12,289,234,272,263,246
03,Lombardia,4,13,278,256,268,253,254
03,Lombardia,4,14,270,269,275,268,232
03,Lombardia,4,15,271,240,247,247,245
03,Lombardia,4,16,251,247,264,252,256
03,Lombardia,4,17,273,230,243,301,264
03,Lombardia,4,18,263,245,260,257,280
03,Lombardia,4,19,267,259,201,260,249
03,Lombardia,4,20,264,255,234,265,257
03,Lombardia,4,21,251,246,277,262,260
03,Lombardia,4,22,263,278,268,280,246
03,Lombardia,4,23,255,247,266,275,249
03,Lombardia,4,24,240,244,243,245,263
03,Lombardia,4,25,233,245,271,282,236
03,Lombardia,4,26,220,242,271,235,260
03,Lombardia,4,27,249,265,263,246,233
03,Lombardia,4,28,229,228,237,238,227
03,Lombardia,4,29,257,229,259,226,236
03,Lombardia,4,30,248,258,253,237,230
04,Trentino-Alto Adige/Südtirol,1,1,30,29,32,31,24
04,Trentino-Alto Adige/Südtirol,1,2,28,27,46,28,30
04,Trentino-Alto Adige/Südtirol,1,3,30,23,37,32,41
04,Trentino-Alto Adige/Südtirol,1,4,26,27,43,38,28
04,Trentino-Alto Adige/Südtirol,1,5,42,22,37,37,41
04,Trentino-Alto Adige/Südtirol,1,6,32,26,39,28,21
04,Trentino-Alto Adige/Südtirol,1,7,28,24,46,30,29
04,Trentino-Alto Adige/Südtirol,1,8,27,30,35,28,34
04,Trentino-Alto Adige/Südtirol,1,9,32,29,37,30,29
04,Trentino-Alto Adige/Südtirol,1,10,37,27,46,28,45
04,Trentino-Alto Adige/Südtirol,1,11,29,27,35,38,26
04,Trentino-Alto Adige/Südtirol,1,12,32,33,42,40,31
04,Trentino-Alto Adige/Südtirol,1,13,24,27,36,33,32
04,Trentino-Alto Adige/Südtirol,1,14,36,25,39,31,29
04,Trentino-Alto Adige/Südtirol,1,15,25,23,45,37,16
04,Trentino-Alto Adige/Südtirol,1,16,42,20,33,30,18
04,Trentino-Alto Adige/Südtirol,1,17,29,28,35,42,26
04,Trentino-Alto Adige/Südtirol,1,18,31,22,31,33,28
04,Trentino-Alto Adige/Südtirol,1,19,19,16,45,35,35
04,Trentino-Alto Adige/Südtirol,1,20,38,37,30,33,29
04,Trentino-Alto Adige/Südtirol,1,21,28,36,35,34,35
04,Trentino-Alto Adige/Südtirol,1,22,42,34,51,32,38
04,Trentino-Alto Adige/Südtirol,1,23,28,36,34,33,32
04,Trentino-Alto Adige/Südtirol,1,24,36,27,38,27,28
04,Trentino-Alto Adige/Südtirol,1,25,38,21,40,30,23
04,Trentino-Alto Adige/Südtirol,1,26,26,30,37,26,30
04,Trentino-Alto Adige/Südtirol,1,27,33,27,36,24,26
04,Trentino-Alto Adige/Südtirol,1,28,37,25,36,30,21
04,Trentino-Alto Adige/Südtirol,1,29,35,17,35,31,29
04,Trentino-Alto Adige/Südtirol,1,30,35,27,34,20,29
04,Trentino-Alto Adige/Südtirol,1,31,34,22,30,25,29
04,Trentino-Alto Adige/Südtirol,2,1,27,27,31,32,36
04,Trentino-Alto Adige/Südtirol,2,2,28,26,24,33,31
04,Trentino-Alto Adige/Südtirol,2,3,27,22,39,28,21
04,Trentino-Alto Adige/Südtirol,2,4,29,35,44,24,30
04,Trentino-Alto Adige/Südtirol,2,5,36,35,23,33,37
04,Trentino-Alto Adige/Südtirol,2,6,41,34,27,23,46
04,Trentino-Alto Adige/Südtirol,2,7,39,26,33,21,37
04,Trentino-Alto Adige/Südtirol,2,8,29,28,37,23,25
04,Trentino-Alto Adige/Südtirol,2,9,26,31,22,23,25
04,Trentino-Alto Adige/Südtirol,2,10,32,24,32,29,21
04,Trentino-Alto Adige/Südtirol,2,11,39,29,25,33,35
04,Trentino-Alto Adige/Südtirol,2,12,25,30,18,16,35
04,Trentino-Alto Adige/Südtirol,2,13,30,34,40,31,32
04,Trentino-Alto Adige/Südtirol,2,14,38,22,34,22,25
04,Trentino-Alto Adige/Südtirol,2,15,29,23,16,26,23
04,Trentino-Alto Adige/Südtirol,2,16,32,25,37,30,34
04,Trentino-Alto Adige/Südtirol,2,17,28,29,30,36,43
04,Trentino-Alto Adige/Südtirol,2,18,29,33,29,31,43
04,Trentino-Alto Adige/Südtirol,2,19,32,26,23,34,26
04,Trentino-Alto Adige/Südtirol,2,20,45,27,21,30,33
04,Trentino-Alto Adige/Südtirol,2,21,24,25,38,24,26
04,Trentino-Alto Adige/Südtirol,2,22,35,33,26,29,30
04,Trentino-Alto Adige/Südtirol,2,23,39,35,31,27,29
04,Trentino-Alto Adige/Südtirol,2,24,42,25,28,29,23
04,Trentino-Alto Adige/Südtirol,2,25,33,28,22,30,35
04,Trentino-Alto Adige/Südtirol,2,26,29,32,40,32,22
04,Trentino-Alto Adige/Südtirol,2,27,31,41,19,27,23
04,Trentino-Alto Adige/Südtirol,2,28,25,21,31,31,21
04,Trentino-Alto Adige/Südtirol,2,29,0,27,0,0,0
04,Trentino-Alto Adige/Südtirol,3,1,32,27,30,28,14
04,Trentino-Alto Adige/Südtirol,3,2,40,20,30,26,30
04,Trentino-Alto Adige/Südtirol,3,3,29,43,16,33,27
04,Trentino-Alto Adige/Südtirol,3,4,34,33,25,28,19
04,Trentino-Alto Adige/Südtirol,3,5,32,17,28,33,29
04,Trentino-Alto Adige/Südtirol,3,6,31,23,22,30,34
04,Trentino-Alto Adige/Südtirol,3,7,24,30,27,24,25
04,Trentino-Alto Adige/Südtirol,3,8,25,23,27,28,27
04,Trentino-Alto Adige/Südtirol,3,9,30,26,27,27,29
04,Trentino-Alto Adige/Südtirol,3,10,30,27,20,30,33
04,Trentino-Alto Adige/Südtirol,3,11,26,28,20,28,32
04,Trentino-Alto Adige/Südtirol,3,12,29,31,23,32,25
04,Trentino-Alto Adige/Südtirol,3,13,32,25,25,24,42
04,Trentino-Alto Adige/Südtirol,3,14,39,27,20,31,27
04,Trentino-Alto Adige/Südtirol,3,15,28,34,25,26,24
04,Trentino-Alto Adige/Südtirol,3,16,33,24,24,37,27
04,Trentino-Alto Adige/Südtirol,3,17,30,16,23,25,26
04,Trentino-Alto Adige/Südtirol,3,18,33,32,28,31,36
04,Trentino-Alto Adige/Südtirol,3,19,24,24,22,25,29
04,Trentino-Alto Adige/Südtirol,3,20,21,23,29,35,29
04,Trentino-Alto Adige/Südtirol,3,21,30,23,26,23,32
04,Trentino-Alto Adige/Südtirol,3,22,32,35,31,21,21
04,Trentino-Alto Adige/Südtirol,3,23,35,30,20,28,28
04,Trentino-Alto Adige/Südtirol,3,24,26,19,30,21,29
04,Trentino-Alto Adige/Südtirol,3,25,26,34,25,25,28
04,Trentino-Alto Adige/Südtirol,3,26,25,26,20,35,32
04,Trentino-Alto Adige/Südtirol,3,27,27,28,31,23,34
04,Trentino-Alto Adige/Südtirol,3,28,27,24,20,26,42
04,Trentino-Alto Adige/Südtirol,3,29,28,28,24,42,21
04,Trentino-Alto Adige/Südtirol,3,30,36,25,33,33,24
04,Trentino-Alto Adige/Südtirol,3,31,24,32,26,19,21
04,Trentino-Alto Adige/Südtirol,4,1,30,31,30,17,36
04,Trentino-Alto Adige/Südtirol,4,2,29,31,19,35,31
04,Trentino-Alto Adige/Südtirol,4,3,41,17,27,25,31
04,Trentino-Alto Adige/Südtirol,4,4,32,24,29,24,25
04,Trentino-Alto Adige/Südtirol,4,5,21,28,26,23,24
04,Trentino-Alto Adige/Südtirol,4,6,20,18,25,33,24
04,Trentino-Alto Adige/Südtirol,4,7,27,24,18,26,29
04,Trentino-Alto Adige/Südtirol,4,8,25,24,25,24,28
04,Trentino-Alto Adige/Südtirol,4,9,33,23,20,20,29
04,Trentino-Alto Adige/Südtirol,4,10,29,22,26,25,35
04,Trentino-Alto Adige/Südtirol,4,11,19,20,22,22,26
04,Trentino-Alto Adige/Südtirol,4,12,24,16,26,30,19
04,Trentino-Alto Adige/Südtirol,4,13,26,41,26,27,32
04,Trentino-Alto Adige/Südtirol,4,14,28,28,19,25,26
04,Trentino-Alto Adige/Südtirol,4,15,40,25,26,33,32
04,Trentino-Alto Adige/Südtirol,4,16,26,28,24,26,30
04,Trentino-Alto Adige/Südtirol,4,17,26,23,27,23,20
04,Trentino-Alto Adige/Südtirol,4,18,24,21,34,21,31
04,Trentino-Alto Adige/Südtirol,4,19,24,31,23,24,17
04,Trentino-Alto Adige/Südtirol,4,20,13,20,25,22,19
04,Trentino-Alto Adige/Südtirol,4,21,20,24,21,29,29
04,Trentino-Alto Adige/Südtirol,4,22,26,22,30,20,28
04,Trentino-Alto Adige/Südtirol,4,23,25,25,14,23,22
04,Trentino-Alto Adige/Südtirol,4,24,26,28,17,30,22
04,Trentino-Alto Adige/Südtirol,4,25,29,24,25,27,21
04,Trentino-Alto Adige/Südtirol,4,26,27,21,23,32,28
04,Trentino-Alto Adige/Südtirol,4,27,19,27,23,35,17
04,Trentino-Alto Adige/Südtirol,4,28,21,31,28,16,26
04,Trentino-Alto Adige/Südtirol,4,29,24,15,27,26,20
04,Trentino-Alto Adige/Südtirol,4,30,25,27,21,26,25
05,Veneto,1,1,153,156,154,168,167
05,Veneto,1,2,157,154,187,155,155
05,Veneto,1,3,163,146,192,150,138
05,Veneto,1,4,181,157,155,128,146
05,Veneto,1,5,195,153,169,167,162
05,Veneto,1,6,178,161,160,151,146
05,Veneto,1,7,165,171,154,145,133
05,Veneto,1,8,177,139,171,175,172
05,Veneto,1,9,172,140,165,174,154
05,Veneto,1,10,184,129,213,167,156
05,Veneto,1,11,200,155,174,180,150
05,Veneto,1,12,196,146,192,160,152
05,Veneto,1,13,161,147,199,165,187
05,Veneto,1,14,154,149,194,149,133
05,Veneto,1,15,200,153,164,165,150
05,Veneto,1,16,185,151,170,143,166
05,Veneto,1,17,180,120,202,172,163
05,Veneto,1,18,184,140,209,170,155
05,Veneto,1,19,164,142,202,157,145
05,Veneto,1,20,171,150,194,143,153
05,Veneto,1,21,166,142,178,156,168
05,Veneto,1,22,161,141,173,178,158
05,Veneto,1,23,156,153,217,166,175
05,Veneto,1,24,168,137,224,169,146
05,Veneto,1,25,179,131,164,159,157
05,Veneto,1,26,163,146,171,160,160
05,Veneto,1,27,146,143,150,143,151
05,Veneto,1,28,174,148,186,147,170
05,Veneto,1,29,155,165,182,153,153
05,Veneto,1,30,185,166,186,153,195
05,Veneto,1,31,144,122,178,151,168
05,Veneto,2,1,154,177,180,167,183
05,Veneto,2,2,163,150,176,180,170
05,Veneto,2,3,161,143,186,147,168
05,Veneto,2,4,166,166,174,124,147
05,Veneto,2,5,193,162,185,155,184
05,Veneto,2,6,152,151,163,146,151
05,Veneto,2,7,157,161,154,160,157
05,Veneto,2,8,151,135,148,166,168
05,Veneto,2,9,134,150,162,157,173
05,Veneto,2,10,151,144,159,149,153
05,Veneto,2,11,158,141,149,144,183
05,Veneto,2,12,148,158,144,162,171
05,Veneto,2,13,171,145,150,156,169
05,Veneto,2,14,132,154,152,153,188
05,Veneto,2,15,147,140,178,172,163
05,Veneto,2,16,168,138,153,160,180
05,Veneto,2,17,148,150,181,143,160
05,Veneto,2,18,169,150,165,152,190
05,Veneto,2,19,182,122,153,150,156
05,Veneto,2,20,174,131,145,145,171
05,Veneto,2,21,134,160,150,169,140
05,Veneto,2,22,164,149,168,140,150
05,Veneto,2,23,149,144,148,162,164
05,Veneto,2,24,160,134,138,147,148
05,Veneto,2,25,144,137,138,128,165
05,Veneto,2,26,155,170,124,146,152
05,Veneto,2,27,170,130,141,172,191
05,Veneto,2,28,145,141,149,145,150
05,Veneto,2,29,0,152,0,0,0
05,Veneto,3,1,146,153,158,160,169
05,Veneto,3,2,133,134,145,184,154
05,Veneto,3,3,157,153,140,149,167
05,Veneto,3,4,163,147,128,151,157
05,Veneto,3,5,150,141,153,170,153
05,Veneto,3,6,140,129,171,159,143
05,Veneto,3,7,144,124,145,154,122
05,Veneto,3,8,144,136,126,172,151
05,Veneto,3,9,126,144,135,142,128
05,Veneto,3,10,179,133,154,135,146
05,Veneto,3,11,153,150,148,157,142
05,Veneto,3,12,144,159,154,156,147
05,Veneto,3,13,148,149,137,144,139
05,Veneto,3,14,141,124,129,165,129
05,Veneto,3,15,145,145,134,131,141
05,Veneto,3,16,153,142,145,145,144
05,Veneto,3,17,156,167,139,152,117
05,Veneto,3,18,127,162,131,126,121
05,Veneto,3,19,147,145,119,141,127
05,Veneto,3,20,110,138,160,136,132
05,Veneto,3,21,137,144,140,146,117
05,Veneto,3,22,140,133,144,122,127
05,Veneto,3,23,147,146,141,161,146
05,Veneto,3,24,142,131,142,117,130
05,Veneto,3,25,151,114,145,130,144
05,Veneto,3,26,154,150,145,137,132
05,Veneto,3,27,146,128,117,134,131
05,Veneto,3,28,135,152,165,118,122
05,Veneto,3,29,119,144,113,148,116
05,Veneto,3,30,152,147,138,138,136
05,Veneto,3,31,142,133,133,139,118
05,Veneto,4,1,135,135,141,134,132
05,Veneto,4,2,133,112,122,129,126
05,Veneto,4,3,141,130,110,133,148
05,Veneto,4,4,127,142,147,125,169
05,Veneto,4,5,146,136,134,134,130
05,Veneto,4,6,127,122,134,132,117
05,Veneto,4,7,123,144,134,118,140
05,Veneto,4,8,130,142,110,131,114
05,Veneto,4,9,132,121,130,133,141
05,Veneto,4,10,152,143,127,151,134
05,Veneto,4,11,138,137,152,164,111
05,Veneto,4,12,136,120,139,142,120
05,Veneto,4,13,139,149,131,139,127
05,Veneto,4,14,135,133,143,139,133
05,Veneto,4,15,143,126,125,124,118
05,Veneto,4,16,136,141,121,114,119
05,Veneto,4,17,139,113,114,130,117
05,Veneto,4,18,131,121,125,143,136
05,Veneto,4,19,128,117,139,136,137
05,Veneto,4,20,154,115,137,126,132
05,Veneto,4,21,126,107,119,142,119
05,Veneto,4,22,139,113,140,135,115
05,Veneto,4,23,139,131,152,126,143
05,Veneto,4,24,124,116,129,143,124
05,Veneto,4,25,121,107,104,134,128
05,Veneto,4,26,127,119,129,141,135
05,Veneto,4,27,134,119,153,137,108
05,Veneto,4,28,133,118,115,133,120
05,Veneto,4,29,135,120,133,108,95
05,Veneto,4,30,119,127,134,124,111
06,Friuli-Venezia Giulia,1,1,63,40,57,45,32
06,Friuli-Venezia Giulia,1,2,56,46,54,45,44
06,Friuli-Venezia Giulia,1,3,47,23,50,52,49
06,Friuli-Venezia Giulia,1,4,53,48,62,39,49
06,Friuli-Venezia Giulia,1,5,70,41,46,57,55
06,Friuli-Venezia Giulia,1,6,40,54,55,44,40
06,Friuli-Venezia Giulia,1,7,38,38,59,38,38
06,Friuli-Venezia Giulia,1,8,54,52,57,58,37
06,Friuli-Venezia Giulia,1,9,65,47,59,32,45
06,Friuli-Venezia Giulia,1,10,54,39,63,38,43
06,Friuli-Venezia Giulia,1,11,60,60,50,42,35
06,Friuli-Venezia Giulia,1,12,44,49,60,46,43
06,Friuli-Venezia Giulia,1,13,46,43,73,44,44
06,Friuli-Venezia Giulia,1,14,51,50,62,34,36
06,Friuli-Venezia Giulia,1,15,52,49,68,52,52
06,Friuli-Venezia Giulia,1,16,50,49,63,45,58
06,Friuli-Venezia Giulia,1,17,62,30,66,52,37
06,Friuli-Venezia Giulia,1,18,54,47,54,53,46
06,Friuli-Venezia Giulia,1,19,53,45,62,63,47
06,Friuli-Venezia Giulia,1,20,56,28,65,46,44
06,Friuli-Venezia Giulia,1,21,48,37,52,55,42
06,Friuli-Venezia Giulia,1,22,55,59,53,49,41
06,Friuli-Venezia Giulia,1,23,50,50,71,38,57
06,Friuli-Venezia Giulia,1,24,49,45,54,43,52
06,Friuli-Venezia Giulia,1,25,42,46,65,38,51
06,Friuli-Venezia Giulia,1,26,44,46,42,43,40
06,Friuli-Venezia Giulia,1,27,48,32,57,41,52
06,Friuli-Venezia Giulia,1,28,45,46,49,42,64
06,Friuli-Venezia Giulia,1,29,57,51,54,40,51
06,Friuli-Venezia Giulia,1,30,53,49,56,56,62
06,Friuli-Venezia Giulia,1,31,47,40,42,37,42
06,Friuli-Venezia Giulia,2,1,62,45,56,44,59
06,Friuli-Venezia Giulia,2,2,56,49,67,50,65
06,Friuli-Venezia Giulia,2,3,43,36,76,43,46
06,Friuli-Venezia Giulia,2,4,45,48,48,43,34
06,Friuli-Venezia Giulia,2,5,54,47,40,37,50
06,Friuli-Venezia Giulia,2,6,42,38,45,48,46
06,Friuli-Venezia Giulia,2,7,45,37,50,52,37
06,Friuli-Venezia Giulia,2,8,36,47,43,47,51
06,Friuli-Venezia Giulia,2,9,60,33,54,53,59
06,Friuli-Venezia Giulia,2,10,38,47,50,44,50
06,Friuli-Venezia Giulia,2,11,36,48,44,55,53
06,Friuli-Venezia Giulia,2,12,52,46,46,59,54
06,Friuli-Venezia Giulia,2,13,46,47,56,50,36
06,Friuli-Venezia Giulia,2,14,60,36,55,44,34
06,Friuli-Venezia Giulia,2,15,41,52,42,59,33
06,Friuli-Venezia Giulia,2,16,59,46,47,46,42
06,Friuli-Venezia Giulia,2,17,57,51,62,48,57
06,Friuli-Venezia Giulia,2,18,46,36,40,29,48
06,Friuli-Venezia Giulia,2,19,48,40,44,54,47
06,Friuli-Venezia Giulia,2,20,44,45,49,54,59
06,Friuli-Venezia Giulia,2,21,46,54,43,53,50
06,Friuli-Venezia Giulia,2,22,55,49,61,46,47
06,Friuli-Venezia Giulia,2,23,58,34,47,44,33
06,Friuli-Venezia Giulia,2,24,52,36,42,54,41
06,Friuli-Venezia Giulia,2,25,41,38,45,42,42
06,Friuli-Venezia Giulia,2,26,51,62,40,48,41
06,Friuli-Venezia Giulia,2,27,50,33,43,51,41
06,Friuli-Venezia Giulia,2,28,48,42,35,47,48
06,Friuli-Venezia Giulia,2,29,0,52,0,0,0
06,Friuli-Venezia Giulia,3,1,52,31,47,51,49
06,Friuli-Venezia Giulia,3,2,38,36,36,55,35
06,Friuli-Venezia Giulia,3,3,31,48,37,50,31
06,Friuli-Venezia Giulia,3,4,51,51,29,57,51
06,Friuli-Venezia Giulia,3,5,50,55,48,59,30
06,Friuli-Venezia Giulia,3,6,53,36,48,59,33
06,Friuli-Venezia Giulia,3,7,48,33,46,50,36
06,Friuli-Venezia Giulia,3,8,31,43,46,43,35
06,Friuli-Venezia Giulia,3,9,37,43,43,57,45
06,Friuli-Venezia Giulia,3,10,47,40,49,52,33
06,Friuli-Venezia Giulia,3,11,63,36,52,45,43
06,Friuli-Venezia Giulia,3,12,51,48,36,52,44
06,Friuli-Venezia Giulia,3,13,38,35,49,57,39
06,Friuli-Venezia Giulia,3,14,43,34,41,50,49
06,Friuli-Venezia Giulia,3,15,52,37,46,43,36
06,Friuli-Venezia Giulia,3,16,52,52,42,39,41
06,Friuli-Venezia Giulia,3,17,37,49,45,35,45
06,Friuli-Venezia Giulia,3,18,46,41,29,36,40
06,Friuli-Venezia Giulia,3,19,48,33,45,44,33
06,Friuli-Venezia Giulia,3,20,37,44,47,35,29
06,Friuli-Venezia Giulia,3,21,54,33,39,41,42
06,Friuli-Venezia Giulia,3,22,44,50,44,51,40
06,Friuli-Venezia Giulia,3,23,42,43,33,35,43
06,Friuli-Venezia Giulia,3,24,36,46,33,43,47
06,Friuli-Venezia Giulia,3,25,34,42,45,41,42
06,Friuli-Venezia Giulia,3,26,39,36,36,49,50
06,Friuli-Venezia Giulia,3,27,37,39,31,38,50
06,Friuli-Venezia Giulia,3,28,46,43,43,44,33
06,Friuli-Venezia Giulia,3,29,36,38,40,48,27
06,Friuli-Venezia Giulia,3,30,34,50,41,45,31
06,Friuli-Venezia Giulia,3,31,58,36,49,37,38
06,Friuli-Venezia Giulia,4,1,46,33,40,48,38
06,Friuli-Venezia Giulia,4,2,38,46,42,39,35
06,Friuli-Venezia Giulia,4,3,40,39,28,52,40
06,Friuli-Venezia Giulia,4,4,49,37,54,26,42
06,Friuli-Venezia Giulia,4,5,33,35,43,36,32
06,Friuli-Venezia Giulia,4,6,49,47,39,34,34
06,Friuli-Venezia Giulia,4,7,31,40,32,43,39
06,Friuli-Venezia Giulia,4,8,42,44,41,41,37
06,Friuli-Venezia Giulia,4,9,37,32,39,47,41
06,Friuli-Venezia Giulia,4,10,50,40,31,35,37
06,Friuli-Venezia Giulia,4,11,43,32,46,44,40
06,Friuli-Venezia Giulia,4,12,47,44,42,38,39
06,Friuli-Venezia Giulia,4,13,42,40,40,45,43
06,Friuli-Venezia Giulia,4,14,46,39,40,35,43
06,Friuli-Venezia Giulia,4,15,42,37,32,41,33
06,Friuli-Venezia Giulia,4,16,40,31,26,39,33
06,Friuli-Venezia Giulia,4,17,33,36,37,41,33
06,Friuli-Venezia Giulia,4,18,39,38,35,40,41
06,Friuli-Venezia Giulia,4,19,36,31,41,41,35
06,Friuli-Venezia Giulia,4,20,36,43,45,46,41
06,Friuli-Venezia Giulia,4,21,54,40,34,36,31
06,Friuli-Venezia Giulia,4,22,32,30,33,43,30
06,Friuli-Venezia Giulia,4,23,35,32,38,32,39
06,Friuli-Venezia Giulia,4,24,33,41,34,33,45
06,Friuli-Venezia Giulia,4,25,43,38,32,38,30
06,Friuli-Venezia Giulia,4,26,39,35,37,38,40
06,Friuli-Venezia Giulia,4,27,52,41,37,36,42
06,Friuli-Venezia Giulia,4,28,30,47,36,36,33
06,Friuli-Venezia Giulia,4,29,46,34,41,47,42
06,Friuli-Venezia Giulia,4,30,45,47,35,43,42
07,Liguria,1,1,82,49,85,73,54
07,Liguria,1,2,73,64,81,81,67
07,Liguria,1,3,82,65,75,95,60
07,Liguria,1,4,76,59,63,78,64
07,Liguria,1,5,73,64,70,85,58
07,Liguria,1,6,54,66,76,87,70
07,Liguria,1,7,74,62,75,95,65
07,Liguria,1,8,68,59,96,86,76
07,Liguria,1,9,72,63,93,99,62
07,Liguria,1,10,80,55,89,81,67
07,Liguria,1,11,73,62,89,77,67
07,Liguria,1,12,75,64,84,84,68
07,Liguria,1,13,67,50,80,63,69
07,Liguria,1,14,86,66,88,66,75
07,Liguria,1,15,71,62,84,75,72
07,Liguria,1,16,60,62,83,81,70
07,Liguria,1,17,77,58,100,75,76
07,Liguria,1,18,60,56,73,86,62
07,Liguria,1,19,82,60,103,61,64
07,Liguria,1,20,65,76,77,76,64
07,Liguria,1,21,67,62,92,63,73
07,Liguria,1,22,76,64,95,82,75
07,Liguria,1,23,77,62,96,81,61
07,Liguria,1,24,64,51,107,82,77
07,Liguria,1,25,73,71,84,72,65
07,Liguria,1,26,71,70,86,75,61
07,Liguria,1,27,61,61,82,78,77
07,Liguria,1,28,77,56,76,87,62
07,Liguria,1,29,81,59,65,56,63
07,Liguria,1,30,68,72,88,76,70
07,Liguria,1,31,81,67,92,66,64
07,Liguria,2,1,82,83,82,73,71
07,Liguria,2,2,79,55,83,80,74
07,Liguria,2,3,69,48,62,62,81
07,Liguria,2,4,75,42,65,68,79
07,Liguria,2,5,76,70,67,66,84
07,Liguria,2,6,73,49,80,62,74
07,Liguria,2,7,77,68,82,70,67
07,Liguria,2,8,68,70,63,66,81
07,Liguria,2,9,84,60,75,70,62
07,Liguria,2,10,77,62,71,68,49
07,Liguria,2,11,76,63,58,74,70
07,Liguria,2,12,78,63,59,71,58
07,Liguria,2,13,82,62,62,64,79
07,Liguria,2,14,71,61,69,63,84
07,Liguria,2,15,89,58,81,60,62
07,Liguria,2,16,69,76,69,66,83
07,Liguria,2,17,84,49,63,62,79
07,Liguria,2,18,67,52,65,73,65
07,Liguria,2,19,54,62,73,74,71
07,Liguria,2,20,86,65,66,67,60
07,Liguria,2,21,82,67,59,65,58
07,Liguria,2,22,57,58,79,73,64
07,Liguria,2,23,74,65,55,74,63
07,Liguria,2,24,81,59,53,69,63
07,Liguria,2,25,64,66,51,73,61
07,Liguria,2,26,68,56,47,65,61
07,Liguria,2,27,81,63,60,70,64
07,Liguria,2,28,75,58,51,65,63
07,Liguria,2,29,0,51,0,0,0
07,Liguria,3,1,66,55,56,70,82
07,Liguria,3,2,82,74,67,69,59
07,Liguria,3,3,78,52,70,79,59
07,Liguria,3,4,83,64,60,78,64
07,Liguria,3,5,72,59,55,53,63
07,Liguria,3,6,62,57,61,85,63
07,Liguria,3,7,63,73,61,63,66
07,Liguria,3,8,73,59,64,73,60
07,Liguria,3,9,72,67,60,77,42
07,Liguria,3,10,53,70,53,74,56
07,Liguria,3,11,67,63,56,75,74
07,Liguria,3,12,66,56,49,70,71
07,Liguria,3,13,83,54,60,66,62
07,Liguria,3,14,81,73,61,62,52
07,Liguria,3,15,59,66,60,69,73
07,Liguria,3,16,56,56,53,65,68
07,Liguria,3,17,64,72,61,55,44
07,Liguria,3,18,72,62,67,59,47
07,Liguria,3,19,65,60,59,66,62
07,Liguria,3,20,65,65,61,54,50
07,Liguria,3,21,60,55,60,57,60
07,Liguria,3,22,55,61,63,61,61
07,Liguria,3,23,62,55,45,61,66
07,Liguria,3,24,64,58,56,65,67
07,Liguria,3,25,56,57,47,58,75
07,Liguria,3,26,72,65,52,65,63
07,Liguria,3,27,68,61,54,61,63
07,Liguria,3,28,54,49,64,63,54
07,Liguria,3,29,62,61,68,67,49
07,Liguria,3,30,64,43,65,57,64
07,Liguria,3,31,53,54,74,58,52
07,Liguria,4,1,71,47,56,49,56
07,Liguria,4,2,49,43,59,53,46
07,Liguria,4,3,58,65,58,60,82
07,Liguria,4,4,53,58,61,62,61
07,Liguria,4,5,60,62,63,65,51
07,Liguria,4,6,67,70,49,54,48
07,Liguria,4,7,50,57,54,63,52
07,Liguria,4,8,51,55,53,42,62
07,Liguria,4,9,67,64,62,65,59
07,Liguria,4,10,64,56,67,53,54
07,Liguria,4,11,58,61,62,50,71
07,Liguria,4,12,62,55,60,53,55
07,Liguria,4,13,57,68,54,60,69
07,Liguria,4,14,56,57,55,74,63
07,Liguria,4,15,69,61,56,56,54
07,Liguria,4,16,58,56,52,67,57
07,Liguria,4,17,67,50,51,58,57
07,Liguria,4,18,57,52,59,61,51
07,Liguria,4,19,58,51,57,58,63
07,Liguria,4,20,59,61,62,65,66
07,Liguria,4,21,56,54,73,62,74
07,Liguria,4,22,67,54,69,61,64
07,Liguria,4,23,55,60,64,39,63
07,Liguria,4,24,54,50,65,56,56
07,Liguria,4,25,56,57,59,57,49
07,Liguria,4,26,60,50,44,56,50
07,Liguria,4,27,54,61,66,47,41
07,Liguria,4,28,60,52,63,46,53
07,Liguria,4,29,59,42,58,61,50
07,Liguria,4,30,57,45,74,50,41
08,Emilia-Romagna,1,1,165,124,203,169,156
08,Emilia-Romagna,1,2,179,147,202,167,168
08,Emilia-Romagna,1,3,149,165,234,165,172
08,Emilia-Romagna,1,4,154,164,219,160,146
08,Emilia-Romagna,1,5,185,175,219,147,138
08,Emilia-Romagna,1,6,179,157,198,171,148
08,Emilia-Romagna,1,7,185,137,209,172,141
08,Emilia-Romagna,1,8,177,142,203,177,172
08,Emilia-Romagna,1,9,153,154,188,165,171
08,Emilia-Romagna,1,10,180,137,210,165,158
08,Emilia-Romagna,1,11,169,171,182,203,168
08,Emilia-Romagna,1,12,168,155,207,160,169
08,Emilia-Romagna,1,13,161,145,235,163,150
08,Emilia-Romagna,1,14,171,154,210,181,183
08,Emilia-Romagna,1,15,145,136,191,164,163
08,Emilia-Romagna,1,16,158,128,195,168,154
08,Emilia-Romagna,1,17,189,144,189,184,152
08,Emilia-Romagna,1,18,171,133,186,176,137
08,Emilia-Romagna,1,19,185,154,185,168,170
08,Emilia-Romagna,1,20,193,134,170,176,158
08,Emilia-Romagna,1,21,175,149,193,161,178
08,Emilia-Romagna,1,22,161,136,169,149,170
08,Emilia-Romagna,1,23,159,147,190,169,155
08,Emilia-Romagna,1,24,164,142,196,165,160
08,Emilia-Romagna,1,25,160,131,190,160,164
08,Emilia-Romagna,1,26,199,160,186,153,146
08,Emilia-Romagna,1,27,176,160,177,175,177
08,Emilia-Romagna,1,28,152,158,191,130,155
08,Emilia-Romagna,1,29,162,158,187,164,166
08,Emilia-Romagna,1,30,181,148,173,192,145
08,Emilia-Romagna,1,31,169,150,178,146,167
08,Emilia-Romagna,2,1,169,152,154,173,157
08,Emilia-Romagna,2,2,188,133,161,173,189
08,Emilia-Romagna,2,3,185,134,194,165,166
08,Emilia-Romagna,2,4,171,155,160,140,193
08,Emilia-Romagna,2,5,167,121,176,139,158
08,Emilia-Romagna,2,6,186,139,134,152,153
08,Emilia-Romagna,2,7,176,147,144,157,162
08,Emilia-Romagna,2,8,171,159,174,147,159
08,Emilia-Romagna,2,9,167,155,157,158,148
08,Emilia-Romagna,2,10,185,136,161,143,153
08,Emilia-Romagna,2,11,167,142,153,144,173
08,Emilia-Romagna,2,12,168,150,154,152,185
08,Emilia-Romagna,2,13,176,135,149,138,171
08,Emilia-Romagna,2,14,149,127,178,141,150
08,Emilia-Romagna,2,15,164,157,140,146,186
08,Emilia-Romagna,2,16,172,119,159,154,162
08,Emilia-Romagna,2,17,158,163,175,153,174
08,Emilia-Romagna,2,18,167,155,143,154,190
08,Emilia-Romagna,2,19,157,139,131,146,159
08,Emilia-Romagna,2,20,147,142,136,153,145
08,Emilia-Romagna,2,21,161,146,135,171,139
08,Emilia-Romagna,2,22,167,134,139,167,156
08,Emilia-Romagna,2,23,165,140,161,164,148
08,Emilia-Romagna,2,24,173,137,133,152,143
08,Emilia-Romagna,2,25,182,151,161,144,124
08,Emilia-Romagna,2,26,145,138,140,169,161
08,Emilia-Romagna,2,27,170,152,153,153,157
08,Emilia-Romagna,2,28,163,131,147,159,151
08,Emilia-Romagna,2,29,0,148,0,0,0
08,Emilia-Romagna,3,1,148,121,155,155,183
08,Emilia-Romagna,3,2,151,154,165,145,147
08,Emilia-Romagna,3,3,154,142,147,176,141
08,Emilia-Romagna,3,4,155,155,153,131,151
08,Emilia-Romagna,3,5,155,123,115,202,189
08,Emilia-Romagna,3,6,147,145,156,162,144
08,Emilia-Romagna,3,7,154,131,153,172,161
08,Emilia-Romagna,3,8,155,135,132,147,160
08,Emilia-Romagna,3,9,156,146,144,160,158
08,Emilia-Romagna,3,10,169,142,152,154,143
08,Emilia-Romagna,3,11,159,128,136,145,152
08,Emilia-Romagna,3,12,146,142,125,167,147
08,Emilia-Romagna,3,13,148,119,154,152,144
08,Emilia-Romagna,3,14,166,144,130,175,163
08,Emilia-Romagna,3,15,146,148,133,122,157
08,Emilia-Romagna,3,16,144,132,136,156,158
08,Emilia-Romagna,3,17,166,149,165,122,151
08,Emilia-Romagna,3,18,144,146,131,163,146
08,Emilia-Romagna,3,19,151,143,135,156,128
08,Emilia-Romagna,3,20,159,140,135,147,137
08,Emilia-Romagna,3,21,161,145,148,135,151
08,Emilia-Romagna,3,22,132,129,142,159,128
08,Emilia-Romagna,3,23,154,135,138,148,153
08,Emilia-Romagna,3,24,148,129,123,120,142
08,Emilia-Romagna,3,25,173,154,132,124,145
08,Emilia-Romagna,3,26,155,121,125,123,143
08,Emilia-Romagna,3,27,161,132,146,130,152
08,Emilia-Romagna,3,28,163,126,134,148,144
08,Emilia-Romagna,3,29,137,155,130,146,144
08,Emilia-Romagna,3,30,180,131,129,148,151
08,Emilia-Romagna,3,31,155,147,147,133,129
08,Emilia-Romagna,4,1,122,135,142,129,141
08,Emilia-Romagna,4,2,141,150,117,141,144
08,Emilia-Romagna,4,3,147,127,163,137,125
08,Emilia-Romagna,4,4,127,140,126,127,144
08,Emilia-Romagna,4,5,141,104,137,153,147
08,Emilia-Romagna,4,6,130,130,124,144,146
08,Emilia-Romagna,4,7,141,143,128,119,112
08,Emilia-Romagna,4,8,159,142,111,138,132
08,Emilia-Romagna,4,9,137,120,123,149,149
08,Emilia-Romagna,4,10,124,124,127,122,134
08,Emilia-Romagna,4,11,140,125,144,121,131
08,Emilia-Romagna,4,12,150,140,131,139,126
08,Emilia-Romagna,4,13,144,141,120,128,129
08,Emilia-Romagna,4,14,112,132,140,115,102
08,Emilia-Romagna,4,15,142,139,133,142,140
08,Emilia-Romagna,4,16,143,113,131,144,111
08,Emilia-Romagna,4,17,145,130,126,121,137
08,Emilia-Romagna,4,18,132,141,126,138,115
08,Emilia-Romagna,4,19,122,137,125,133,136
08,Emilia-Romagna,4,20,130,157,117,157,145
08,Emilia-Romagna,4,21,150,125,138,117,109
08,Emilia-Romagna,4,22,143,119,106,136,126
08,Emilia-Romagna,4,23,130,117,140,134,126
08,Emilia-Romagna,4,24,134,117,128,127,117
08,Emilia-Romagna,4,25,145,120,128,122,130
08,Emilia-Romagna,4,26,119,117,149,136,130
08,Emilia-Romagna,4,27,139,135,151,138,125
08,Emilia-Romagna,4,28,136,118,133,122,128
08,Emilia-Romagna,4,29,127,162,128,120,125
08,Emilia-Romagna,4,30,147,124,115,112,103
09,Toscana,1,1,141,116,180,157,133
09,Toscana,1,2,133,143,215,153,128
09,Toscana,1,3,163,117,182,134,141
09,Toscana,1,4,149,144,189,147,130
09,Toscana,1,5,168,139,182,148,114
09,Toscana,1,6,152,127,167,142,130
09,Toscana,1,7,143,117,178,132,133
09,Toscana,1,8,166,108,191,161,140
09,Toscana,1,9,165,125,163,150,143
09,Toscana,1,10,134,106,199,145,149
09,Toscana,1,11,146,142,179,138,142
09,Toscana,1,12,159,124,201,129,156
09,Toscana,1,13,150,115,191,136,135
09,Toscana,1,14,150,121,164,127,138
09,Toscana,1,15,133,117,170,129,137
09,Toscana,1,16,134,127,180,132,141
09,Toscana,1,17,156,126,159,176,156
09,Toscana,1,18,139,121,179,130,152
09,Toscana,1,19,134,132,165,142,147
09,Toscana,1,20,131,135,153,156,139
09,Toscana,1,21,160,149,162,140,125
09,Toscana,1,22,165,142,165,147,147
09,Toscana,1,23,128,126,154,157,148
09,Toscana,1,24,147,140,178,133,147
09,Toscana,1,25,141,130,176,143,129
09,Toscana,1,26,148,157,147,128,143
09,Toscana,1,27,164,156,145,144,132
09,Toscana,1,28,165,141,178,130,148
09,Toscana,1,29,175,118,152,120,149
09,Toscana,1,30,159,138,160,139,133
09,Toscana,1,31,146,132,141,143,142
09,Toscana,2,1,151,125,133,152,153
09,Toscana,2,2,159,126,167,132,148
09,Toscana,2,3,159,119,147,142,129
09,Toscana,2,4,150,127,172,135,148
09,Toscana,2,5,159,117,155,129,153
09,Toscana,2,6,145,124,150,134,129
09,Toscana,2,7,157,124,147,135,163
09,Toscana,2,8,146,114,119,166,147
09,Toscana,2,9,130,123,119,141,138
09,Toscana,2,10,170,121,136,134,161
09,Toscana,2,11,148,116,107,120,131
09,Toscana,2,12,173,114,129,139,142
09,Toscana,2,13,155,121,132,124,129
09,Toscana,2,14,149,132,143,132,150
09,Toscana,2,15,127,109,121,141,141
09,Toscana,2,16,149,111,126,145,130
09,Toscana,2,17,161,127,136,135,112
09,Toscana,2,18,157,136,126,134,164
09,Toscana,2,19,140,136,152,126,145
09,Toscana,2,20,126,112,123,144,136
09,Toscana,2,21,145,103,134,139,149
09,Toscana,2,22,148,114,131,145,138
09,Toscana,2,23,143,117,132,164,114
09,Toscana,2,24,133,135,149,129,124
09,Toscana,2,25,131,127,133,125,152
09,Toscana,2,26,145,97,124,130,159
09,Toscana,2,27,139,127,138,142,136
09,Toscana,2,28,161,120,132,118,140
09,Toscana,2,29,0,111,0,0,0
09,Toscana,3,1,141,117,120,121,150
09,Toscana,3,2,144,104,112,156,115
09,Toscana,3,3,142,131,134,153,138
09,Toscana,3,4,136,115,146,156,136
09,Toscana,3,5,122,129,111,139,158
09,Toscana,3,6,127,104,120,156,130
09,Toscana,3,7,128,130,126,125,146
09,Toscana,3,8,110,108,154,133,146
09,Toscana,3,9,162,112,109,121,127
09,Toscana,3,10,132,145,119,148,135
09,Toscana,3,11,147,116,89,125,132
09,Toscana,3,12,123,119,156,120,133
09,Toscana,3,13,130,128,120,117,130
09,Toscana,3,14,139,121,144,125,139
09,Toscana,3,15,135,126,108,120,138
09,Toscana,3,16,140,121,125,132,103
09,Toscana,3,17,147,128,132,131,103
09,Toscana,3,18,107,127,128,128,130
09,Toscana,3,19,145,130,140,132,107
09,Toscana,3,20,137,137,122,139,97
09,Toscana,3,21,147,115,108,109,147
09,Toscana,3,22,116,135,148,132,116
09,Toscana,3,23,142,116,126,121,142
09,Toscana,3,24,135,120,128,125,118
09,Toscana,3,25,137,126,114,96,135
09,Toscana,3,26,134,109,111,132,110
09,Toscana,3,27,131,117,120,136,125
09,Toscana,3,28,112,120,116,144,126
09,Toscana,3,29,105,116,106,129,139
09,Toscana,3,30,124,138,131,130,123
09,Toscana,3,31,130,122,115,119,107
09,Toscana,4,1,143,103,117,131,122
09,Toscana,4,2,111,118,118,121,130
09,Toscana,4,3,115,130,108,117,124
09,Toscana,4,4,142,136,115,114,131
09,Toscana,4,5,92,128,122,132,126
09,Toscana,4,6,108,135,115,123,105
09,Toscana,4,7,127,130,116,100,120
09,Toscana,4,8,126,107,106,125,115
09,Toscana,4,9,120,97,118,105,105
09,Toscana,4,10,122,97,117,132,120
09,Toscana,4,11,139,108,110,125,115
09,Toscana,4,12,116,106,132,107,116
09,Toscana,4,13,123,113,128,97,128
09,Toscana,4,14,130,112,125,114,118
09,Toscana,4,15,133,107,114,114,110
09,Toscana,4,16,132,108,107,106,120
09,Toscana,4,17,128,113,113,111,123
09,Toscana,4,18,130,133,96,116,128
09,Toscana,4,19,103,99,97,104,117
09,Toscana,4,20,104,101,114,127,105
09,Toscana,4,21,123,120,114,135,128
09,Toscana,4,22,150,108,114,105,102
09,Toscana,4,23,143,115,109,126,127
09,Toscana,4,24,120,135,125,102,102
09,Toscana,4,25,125,98,115,106,105
09,Toscana,4,26,110,108,123,117,114
09,Toscana,4,27,122,120,130,112,114
09,Toscana,4,28,135,127,101,96,106
09,Toscana,4,29,135,125,99,111,120
09,Toscana,4,30,119,112,108,77,120
10,Umbria,1,1,37,31,45,43,36
10,Umbria,1,2,46,38,51,38,39
10,Umbria,1,3,34,33,45,36,35
10,Umbria,1,4,39,26,41,44,27
10,Umbria,1,5,44,36,41,38,36
10,Umbria,1,6,30,29,43,30,41
10,Umbria,1,7,37,32,36,29,35
10,Umbria,1,8,38,30,44,35,30
10,Umbria,1,9,32,36,32,40,37
10,Umbria,1,10,31,33,47,28,34
10,Umbria,1,11,38,32,37,35,35
10,Umbria,1,12,38,40,51,35,36
10,Umbria,1,13,30,24,39,36,40
10,Umbria,1,14,46,30,45,28,31
10,Umbria,1,15,41,35,47,31,23
10,Umbria,1,16,31,27,50,33,41
10,Umbria,1,17,40,26,41,22,27
10,Umbria,1,18,42,29,45,24,35
10,Umbria,1,19,41,24,43,38,31
10,Umbria,1,20,36,37,43,28,36
10,Umbria,1,21,26,35,32,45,22
10,Umbria,1,22,35,35,33,39,35
10,Umbria,1,23,36,23,28,41,43
10,Umbria,1,24,31,38,33,36,33
10,Umbria,1,25,40,34,28,35,32
10,Umbria,1,26,42,35,40,39,47
10,Umbria,1,27,28,32,46,28,27
10,Umbria,1,28,27,31,21,42,37
10,Umbria,1,29,39,34,30,31,31
10,Umbria,1,30,37,44,41,39,40
10,Umbria,1,31,37,23,36,28,29
10,Umbria,2,1,36,40,37,30,37
10,Umbria,2,2,44,26,29,39,40
10,Umbria,2,3,43,40,28,25,28
10,Umbria,2,4,38,22,48,28,30
10,Umbria,2,5,38,28,30,25,33
10,Umbria,2,6,38,34,27,27,29
10,Umbria,2,7,43,28,37,32,27
10,Umbria,2,8,30,25,23,32,41
10,Umbria,2,9,28,36,32,31,35
10,Umbria,2,10,38,32,22,31,33
10,Umbria,2,11,32,32,25,31,42
10,Umbria,2,12,42,35,21,42,30
10,Umbria,2,13,34,24,32,32,30
10,Umbria,2,14,38,25,41,31,35
10,Umbria,2,15,37,25,22,32,26
10,Umbria,2,16,50,26,22,31,29
10,Umbria,2,17,35,31,33,28,29
10,Umbria,2,18,28,23,27,39,32
10,Umbria,2,19,39,24,32,32,33
10,Umbria,2,20,33,27,37,32,37
10,Umbria,2,21,36,30,28,28,30
10,Umbria,2,22,33,27,34,24,25
10,Umbria,2,23,37,34,24,25,34
10,Umbria,2,24,35,27,39,27,35
10,Umbria,2,25,44,29,30,27,51
10,Umbria,2,26,26,25,31,30,44
10,Umbria,2,27,28,29,36,34,32
10,Umbria,2,28,36,41,27,29,38
10,Umbria,2,29,0,26,0,0,0
10,Umbria,3,1,25,34,38,35,34
10,Umbria,3,2,27,27,21,28,34
10,Umbria,3,3,28,33,25,40,26
10,Umbria,3,4,35,27,27,32,32
10,Umbria,3,5,33,24,18,36,26
10,Umbria,3,6,32,27,19,35,45
10,Umbria,3,7,28,26,39,49,38
10,Umbria,3,8,36,26,34,30,34
10,Umbria,3,9,32,28,27,32,37
10,Umbria,3,10,22,35,32,39,28
10,Umbria,3,11,27,32,30,27,42
10,Umbria,3,12,41,27,36,33,44
10,Umbria,3,13,40,36,31,30,41
10,Umbria,3,14,41,29,32,22,25
10,Umbria,3,15,25,28,36,22,28
10,Umbria,3,16,29,30,33,25,31
10,Umbria,3,17,36,31,37,29,34
10,Umbria,3,18,41,27,26,28,30
10,Umbria,3,19,35,29,44,21,30
10,Umbria,3,20,26,22,26,26,32
10,Umbria,3,21,33,28,27,25,30
10,Umbria,3,22,34,27,30,26,35
10,Umbria,3,23,44,29,27,33,26
10,Umbria,3,24,34,26,30,33,34
10,Umbria,3,25,33,33,32,18,33
10,Umbria,3,26,35,24,26,21,27
10,Umbria,3,27,34,18,35,28,30
10,Umbria,3,28,23,28,29,26,33
10,Umbria,3,29,34,43,34,21,29
10,Umbria,3,30,40,33,33,33,25
10,Umbria,3,31,34,29,27,34,22
10,Umbria,4,1,29,34,27,34,24
10,Umbria,4,2,30,39,34,21,31
10,Umbria,4,3,43,26,37,25,27
10,Umbria,4,4,22,42,24,26,28
10,Umbria,4,5,35,29,33,28,25
10,Umbria,4,6,30,38,24,34,29
10,Umbria,4,7,33,24,20,21,31
10,Umbria,4,8,31,32,31,22,34
10,Umbria,4,9,25,22,31,27,29
10,Umbria,4,10,28,26,26,29,35
10,Umbria,4,11,32,20,22,27,26
10,Umbria,4,12,41,22,24,23,33
10,Umbria,4,13,30,25,25,29,25
10,Umbria,4,14,31,31,30,27,26
10,Umbria,4,15,44,34,31,24,19
10,Umbria,4,16,22,31,18,21,29
10,Umbria,4,17,33,27,22,35,27
10,Umbria,4,18,38,30,29,23,31
10,Umbria,4,19,30,27,30,29,36
10,Umbria,4,20,34,31,19,29,20
10,Umbria,4,21,24,26,33,31,34
10,Umbria,4,22,36,26,37,17,30
10,Umbria,4,23,30,24,24,26,30
10,Umbria,4,24,29,25,23,29,27
10,Umbria,4,25,27,23,30,25,19
10,Umbria,4,26,33,24,29,28,14
10,Umbria,4,27,21,38,25,24,32
10,Umbria,4,28,25,31,37,19,28
10,Umbria,4,29,22,32,26,27,22
10,Umbria,4,30,20,21,29,30,24
11,Marche,1,1,56,48,66,52,53
11,Marche,1,2,68,53,79,61,48
11,Marche,1,3,50,53,67,41,58
11,Marche,1,4,64,57,83,58,52
11,Marche,1,5,62,53,74,56,54
11,Marche,1,6,61,47,65,68,45
11,Marche,1,7,54,54,84,66,43
11,Marche,1,8,55,47,72,63,51
11,Marche,1,9,54,47,79,66,55
11,Marche,1,10,66,55,81,54,65
11,Marche,1,11,48,42,88,61,69
11,Marche,1,12,63,46,63,67,57
11,Marche,1,13,56,63,85,58,46
11,Marche,1,14,66,63,83,58,49
11,Marche,1,15,57,38,81,48,63
11,Marche,1,16,40,48,62,53,48
11,Marche,1,17,60,48,63,65,63
11,Marche,1,18,56,51,67,54,49
11,Marche,1,19,61,48,61,49,53
11,Marche,1,20,60,47,71,53,52
11,Marche,1,21,71,66,73,44,47
11,Marche,1,22,55,60,76,61,46
11,Marche,1,23,53,63,63,58,65
11,Marche,1,24,63,57,69,58,55
11,Marche,1,25,54,44,52,52,38
11,Marche,1,26,58,58,64,54,58
11,Marche,1,27,53,50,60,56,61
11,Marche,1,28,61,45,59,64,63
11,Marche,1,29,55,48,60,57,50
11,Marche,1,30,44,50,65,57,49
11,Marche,1,31,64,65,58,56,56
11,Marche,2,1,69,72,73,53,51
11,Marche,2,2,75,57,60,51,60
11,Marche,2,3,63,52,49,52,72
11,Marche,2,4,65,55,60,54,67
11,Marche,2,5,52,35,52,57,60
11,Marche,2,6,61,52,50,53,59
11,Marche,2,7,55,39,60,48,56
11,Marche,2,8,52,58,59,38,66
11,Marche,2,9,48,52,52,50,48
11,Marche,2,10,62,57,44,46,50
11,Marche,2,11,75,43,50,61,69
11,Marche,2,12,51,60,40,55,64
11,Marche,2,13,56,50,63,47,46
11,Marche,2,14,66,36,41,52,51
11,Marche,2,15,54,63,56,55,63
11,Marche,2,16,56,42,47,59,66
11,Marche,2,17,74,42,55,64,46
11,Marche,2,18,63,52,56,48,67
11,Marche,2,19,52,52,37,51,54
11,Marche,2,20,56,39,54,58,53
11,Marche,2,21,73,43,50,65,51
11,Marche,2,22,57,35,58,44,68
11,Marche,2,23,59,47,49,60,69
11,Marche,2,24,55,57,49,44,58
11,Marche,2,25,47,55,51,53,45
11,Marche,2,26,56,42,65,51,61
11,Marche,2,27,49,40,48,50,50
11,Marche,2,28,55,55,50,58,60
11,Marche,2,29,0,45,0,0,0
11,Marche,3,1,48,55,49,54,56
11,Marche,3,2,61,55,55,61,60
11,Marche,3,3,55,48,56,47,58
11,Marche,3,4,61,55,44,42,52
11,Marche,3,5,62,50,51,61,53
11,Marche,3,6,57,48,48,67,57
11,Marche,3,7,56,51,53,61,59
11,Marche,3,8,70,59,66,47,52
11,Marche,3,9,56,56,55,44,58
11,Marche,3,10,52,48,44,69,41
11,Marche,3,11,63,51,45,47,65
11,Marche,3,12,48,41,62,60,60
11,Marche,3,13,66,54,48,44,44
11,Marche,3,14,54,45,42,49,44
11,Marche,3,15,50,51,45,55,55
11,Marche,3,16,58,50,49,50,48
11,Marche,3,17,51,34,58,48,53
11,Marche,3,18,47,57,48,42,51
11,Marche,3,19,49,61,58,51,64
11,Marche,3,20,43,63,62,50,43
11,Marche,3,21,60,47,43,53,41
11,Marche,3,22,52,58,45,49,51
11,Marche,3,23,62,42,41,45,39
11,Marche,3,24,42,42,53,44,46
11,Marche,3,25,64,51,48,36,36
11,Marche,3,26,52,47,53,43,51
11,Marche,3,27,54,42,52,49,49
11,Marche,3,28,59,47,46,52,56
11,Marche,3,29,45,59,54,49,49
11,Marche,3,30,49,66,44,47,57
11,Marche,3,31,56,55,55,52,45
11,Marche,4,1,47,42,50,49,41
11,Marche,4,2,57,42,45,45,46
11,Marche,4,3,35,45,47,38,55
11,Marche,4,4,44,44,55,51,66
11,Marche,4,5,68,44,39,60,41
11,Marche,4,6,49,38,52,53,51
11,Marche,4,7,50,51,35,46,52
11,Marche,4,8,50,47,42,56,52
11,Marche,4,9,45,47,39,58,50
11,Marche,4,10,54,30,47,42,44
11,Marche,4,11,46,46,52,49,45
11,Marche,4,12,51,55,50,46,57
11,Marche,4,13,56,41,42,49,44
11,Marche,4,14,37,51,41,34,37
11,Marche,4,15,51,32,46,52,53
11,Marche,4,16,47,38,48,50,50
11,Marche,4,17,55,45,44,55,41
11,Marche,4,18,47,42,41,46,48
11,Marche,4,19,46,47,41,51,50
11,Marche,4,20,45,38,38,47,60
11,Marche,4,21,47,48,47,39,47
11,Marche,4,22,49,35,44,42,46
11,Marche,4,23,46,46,54,43,51
11,Marche,4,24,52,34,43,40,51
11,Marche,4,25,44,36,35,50,51
11,Marche,4,26,49,45,55,43,53
11,Marche,4,27,56,48,49,59,50
11,Marche,4,28,63,40,60,45,39
11,Marche,4,29,35,47,40,35,45
11,Marche,4,30,46,41,40,42,46
12,Lazio,1,1,205,176,226,227,180
12,Lazio,1,2,167,172,248,204,188
12,Lazio,1,3,214,187,270,195,174
12,Lazio,1,4,205,154,237,201,184
12,Lazio,1,5,204,211,248,211,176
12,Lazio,1,6,215,155,237,210,173
12,Lazio,1,7,174,174,234,182,192
12,Lazio,1,8,193,178,223,198,191
12,Lazio,1,9,223,210,288,220,198
12,Lazio,1,10,241,160,270,194,183
12,Lazio,1,11,185,196,250,212,184
12,Lazio,1,12,205,183,258,198,178
12,Lazio,1,13,203,143,316,197,186
12,Lazio,1,14,194,161,250,174,213
12,Lazio,1,15,210,163,254,175,192
12,Lazio,1,16,206,161,263,190,209
12,Lazio,1,17,191,143,257,192,200
12,Lazio,1,18,178,153,246,177,229
12,Lazio,1,19,200,168,229,196,214
12,Lazio,1,20,175,165,219,175,219
12,Lazio,1,21,186,160,226,166,199
12,Lazio,1,22,186,165,225,177,172
12,Lazio,1,23,197,149,215,176,209
12,Lazio,1,24,168,169,232,194,203
12,Lazio,1,25,181,187,252,192,222
12,Lazio,1,26,178,183,171,168,192
12,Lazio,1,27,163,163,208,162,225
12,Lazio,1,28,202,165,203,140,196
12,Lazio,1,29,190,158,206,159,187
12,Lazio,1,30,203,165,198,170,205
12,Lazio,1,31,212,154,221,182,209
12,Lazio,2,1,194,151,211,190,192
12,Lazio,2,2,177,150,215,177,207
12,Lazio,2,3,209,155,210,181,220
12,Lazio,2,4,204,155,171,154,183
12,Lazio,2,5,178,165,200,183,194
12,Lazio,2,6,190,151,197,155,182
12,Lazio,2,7,204,171,208,177,195
12,Lazio,2,8,215,168,166,147,196
12,Lazio,2,9,160,166,165,169,200
12,Lazio,2,10,200,143,173,136,188
12,Lazio,2,11,230,171,178,152,186
12,Lazio,2,12,190,161,169,156,181
12,Lazio,2,13,184,170,172,168,210
12,Lazio,2,14,179,145,169,186,199
12,Lazio,2,15,205,185,172,174,176
12,Lazio,2,16,169,166,177,160,177
12,Lazio,2,17,182,154,166,185,161
12,Lazio,2,18,183,162,169,181,213
12,Lazio,2,19,176,133,151,174,175
12,Lazio,2,20,181,137,170,200,206
12,Lazio,2,21,211,138,180,169,173
12,Lazio,2,22,193,164,179,176,173
12,Lazio,2,23,209,162,187,158,200
12,Lazio,2,24,170,161,182,167,151
12,Lazio,2,25,196,160,148,163,205
12,Lazio,2,26,172,170,137,188,182
12,Lazio,2,27,180,146,174,174,190
12,Lazio,2,28,170,160,182,176,165
12,Lazio,2,29,0,147,0,0,0
12,Lazio,3,1,172,165,141,192,187
12,Lazio,3,2,194,183,175,201,180
12,Lazio,3,3,179,170,175,194,189
12,Lazio,3,4,169,163,158,178,181
12,Lazio,3,5,184,162,163,180,185
12,Lazio,3,6,155,181,176,219,156
12,Lazio,3,7,179,161,181,168,168
12,Lazio,3,8,178,155,131,165,166
12,Lazio,3,9,172,154,163,181,184
12,Lazio,3,10,170,177,177,156,166
12,Lazio,3,11,198,158,163,146,158
12,Lazio,3,12,174,175,151,179,153
12,Lazio,3,13,152,165,164,169,164
12,Lazio,3,14,179,162,152,166,164
12,Lazio,3,15,169,162,146,159,182
12,Lazio,3,16,183,148,151,149,162
12,Lazio,3,17,174,162,162,163,162
12,Lazio,3,18,191,165,170,156,149
12,Lazio,3,19,180,168,150,156,148
12,Lazio,3,20,196,165,170,157,155
12,Lazio,3,21,162,166,146,148,171
12,Lazio,3,22,160,150,136,145,164
12,Lazio,3,23,168,171,157,155,177
12,Lazio,3,24,172,158,150,152,149
12,Lazio,3,25,174,166,162,170,189
12,Lazio,3,26,166,136,163,157,131
12,Lazio,3,27,148,164,157,151,147
12,Lazio,3,28,156,161,141,150,165
12,Lazio,3,29,167,181,141,176,160
12,Lazio,3,30,143,167,141,163,153
12,Lazio,3,31,154,175,155,177,138
12,Lazio,4,1,160,180,160,165,173
12,Lazio,4,2,151,170,137,153,173
12,Lazio,4,3,161,161,154,140,167
12,Lazio,4,4,153,170,173,180,165
12,Lazio,4,5,153,169,177,151,177
12,Lazio,4,6,173,180,166,134,157
12,Lazio,4,7,145,145,169,151,175
12,Lazio,4,8,162,166,192,152,143
12,Lazio,4,9,154,156,141,158,146
12,Lazio,4,10,157,166,156,143,157
12,Lazio,4,11,179,175,151,145,157
12,Lazio,4,12,162,139,146,173,153
12,Lazio,4,13,187,143,148,146,161
12,Lazio,4,14,172,161,167,131,144
12,Lazio,4,15,165,151,150,147,139
12,Lazio,4,16,167,135,169,154,148
12,Lazio,4,17,148,165,139,157,158
12,Lazio,4,18,160,175,138,116,162
12,Lazio,4,19,145,143,146,143,154
12,Lazio,4,20,148,142,143,135,156
12,Lazio,4,21,153,159,148,139,149
12,Lazio,4,22,148,131,151,130,142
12,Lazio,4,23,144,159,176,156,168
12,Lazio,4,24,174,123,156,145,157
12,Lazio,4,25,169,134,124,139,150
12,Lazio,4,26,149,159,151,147,155
12,Lazio,4,27,163,144,174,159,151
12,Lazio,4,28,168,180,167,144,152
12,Lazio,4,29,142,171,141,158,151
12,Lazio,4,30,142,157,149,131,124
13,Abruzzo,1,1,51,56,55,56,33
13,Abruzzo,1,2,38,47,63,68,38
13,Abruzzo,1,3,51,33,65,42,46
13,Abruzzo,1,4,59,48,70,52,47
13,Abruzzo,1,5,58,52,67,50,48
13,Abruzzo,1,6,42,48,56,61,53
13,Abruzzo,1,7,55,46,81,46,48
13,Abruzzo,1,8,49,55,61,57,40
13,Abruzzo,1,9,46,35,64,49,50
13,Abruzzo,1,10,50,49,53,61,44
13,Abruzzo,1,11,44,51,56,53,55
13,Abruzzo,1,12,57,49,63,55,42
13,Abruzzo,1,13,57,52,69,57,34
13,Abruzzo,1,14,36,41,81,53,56
13,Abruzzo,1,15,59,50,60,55,44
13,Abruzzo,1,16,46,51,70,52,61
13,Abruzzo,1,17,35,33,63,40,41
13,Abruzzo,1,18,41,34,92,51,61
13,Abruzzo,1,19,61,34,74,59,55
13,Abruzzo,1,20,49,48,54,70,47
13,Abruzzo,1,21,33,39,60,38,33
13,Abruzzo,1,22,56,48,56,45,55
13,Abruzzo,1,23,39,37,60,53,46
13,Abruzzo,1,24,44,41,55,57,59
13,Abruzzo,1,25,60,28,53,54,45
13,Abruzzo,1,26,45,46,68,45,62
13,Abruzzo,1,27,47,48,51,43,46
13,Abruzzo,1,28,69,49,52,44,45
13,Abruzzo,1,29,54,47,49,44,45
13,Abruzzo,1,30,49,36,56,48,41
13,Abruzzo,1,31,46,49,43,60,53
13,Abruzzo,2,1,48,46,51,52,54
13,Abruzzo,2,2,54,47,52,59,74
13,Abruzzo,2,3,46,40,50,48,49
13,Abruzzo,2,4,56,34,51,49,43
13,Abruzzo,2,5,59,49,51,46,40
13,Abruzzo,2,6,56,31,53,42,62
13,Abruzzo,2,7,54,41,43,48,40
13,Abruzzo,2,8,51,40,41,37,50
13,Abruzzo,2,9,52,53,52,48,48
13,Abruzzo,2,10,40,43,44,48,42
13,Abruzzo,2,11,56,31,44,39,60
13,Abruzzo,2,12,41,47,47,56,52
13,Abruzzo,2,13,59,38,48,43,49
13,Abruzzo,2,14,54,41,38,35,37
13,Abruzzo,2,15,44,43,44,36,51
13,Abruzzo,2,16,50,43,44,51,47
13,Abruzzo,2,17,55,40,55,45,38
13,Abruzzo,2,18,49,41,46,42,39
13,Abruzzo,2,19,57,47,50,62,63
13,Abruzzo,2,20,64,39,27,61,53
13,Abruzzo,2,21,35,33,40,56,47
13,Abruzzo,2,22,54,46,53,41,47
13,Abruzzo,2,23,49,36,47,41,42
13,Abruzzo,2,24,44,37,47,47,36
13,Abruzzo,2,25,40,48,34,47,43
13,Abruzzo,2,26,51,41,36,41,45
13,Abruzzo,2,27,55,39,45,39,53
13,Abruzzo,2,28,50,37,56,55,47
13,Abruzzo,2,29,0,38,0,0,0
13,Abruzzo,3,1,54,32,33,43,40
13,Abruzzo,3,2,54,34,44,48,43
13,Abruzzo,3,3,50,30,44,50,46
13,Abruzzo,3,4,51,40,43,42,32
13,Abruzzo,3,5,49,35,43,64,37
13,Abruzzo,3,6,45,46,44,46,44
13,Abruzzo,3,7,43,33,46,50,45
13,Abruzzo,3,8,46,35,34,51,52
13,Abruzzo,3,9,49,55,53,48,39
13,Abruzzo,3,10,53,49,47,40,51
13,Abruzzo,3,11,40,47,43,46,48
13,Abruzzo,3,12,42,50,48,47,51
13,Abruzzo,3,13,44,39,48,42,30
13,Abruzzo,3,14,47,37,34,52,55
13,Abruzzo,3,15,44,41,46,46,42
13,Abruzzo,3,16,35,35,34,36,31
13,Abruzzo,3,17,59,40,37,37,39
13,Abruzzo,3,18,35,36,41,37,41
13,Abruzzo,3,19,47,52,45,39,43
13,Abruzzo,3,20,45,43,45,39,35
13,Abruzzo,3,21,42,46,57,39,50
13,Abruzzo,3,22,34,42,44,40,34
13,Abruzzo,3,23,52,48,41,34,43
13,Abruzzo,3,24,39,47,37,48,38
13,Abruzzo,3,25,45,45,41,48,48
13,Abruzzo,3,26,38,44,41,41,42
13,Abruzzo,3,27,41,36,36,33,42
13,Abruzzo,3,28,38,46,41,45,41
13,Abruzzo,3,29,43,52,45,33,41
13,Abruzzo,3,30,45,35,34,48,36
13,Abruzzo,3,31,41,41,37,45,39
13,Abruzzo,4,1,47,42,30,30,43
13,Abruzzo,4,2,38,37,37,47,41
13,Abruzzo,4,3,33,50,48,48,42
13,Abruzzo,4,4,32,39,35,60,39
13,Abruzzo,4,5,39,40,39,37,38
13,Abruzzo,4,6,45,36,36,37,35
13,Abruzzo,4,7,39,48,36,45,50
13,Abruzzo,4,8,45,50,44,35,36
13,Abruzzo,4,9,46,27,34,27,47
13,Abruzzo,4,10,39,33,38,39,41
13,Abruzzo,4,11,48,39,39,45,34
13,Abruzzo,4,12,53,26,44,35,35
13,Abruzzo,4,13,44,32,37,40,34
13,Abruzzo,4,14,48,38,44,26,34
13,Abruzzo,4,15,38,33,46,44,37
13,Abruzzo,4,16,46,52,46,34,41
13,Abruzzo,4,17,46,48,33,44,46
13,Abruzzo,4,18,45,41,44,23,37
13,Abruzzo,4,19,50,48,30,37,39
13,Abruzzo,4,20,48,39,30,35,40
13,Abruzzo,4,21,30,37,38,30,28
13,Abruzzo,4,22,40,40,40,25,44
13,Abruzzo,4,23,33,34,33,43,47
13,Abruzzo,4,24,33,49,32,54,37
13,Abruzzo,4,25,32,30,43,52,27
13,Abruzzo,4,26,34,42,49,46,49
13,Abruzzo,4,27,39,38,41,40,36
13,Abruzzo,4,28,44,31,43,47,40
13,Abruzzo,4,29,33,34,43,33,38
13,Abruzzo,4,30,26,43,36,32,42
14,Molise,1,1,10,9,22,15,12
14,Molise,1,2,13,10,15,8,11
14,Molise,1,3,16,14,20,13,12
14,Molise,1,4,12,9,16,15,12
14,Molise,1,5,15,8,14,15,17
14,Molise,1,6,9,16,17,7,17
14,Molise,1,7,15,9,18,16,14
14,Molise,1,8,17,12,20,11,11
14,Molise,1,9,16,9,18,13,16
14,Molise,1,10,14,10,21,12,9
14,Molise,1,11,12,16,10,21,9
14,Molise,1,12,18,13,15,8,16
14,Molise,1,13,14,12,25,10,10
14,Molise,1,14,16,9,19,19,9
14,Molise,1,15,19,7,17,18,13
14,Molise,1,16,13,8,19,9,12
14,Molise,1,17,11,13,15,12,14
14,Molise,1,18,17,9,15,14,10
14,Molise,1,19,13,12,15,14,8
14,Molise,1,20,18,7,20,6,13
14,Molise,1,21,10,13,9,10,13
14,Molise,1,22,15,8,17,6,10
14,Molise,1,23,13,15,16,14,16
14,Molise,1,24,14,15,16,13,18
14,Molise,1,25,12,11,15,14,12
14,Molise,1,26,8,6,13,8,20
14,Molise,1,27,7,9,11,9,12
14,Molise,1,28,15,15,12,12,17
14,Molise,1,29,12,16,10,9,17
14,Molise,1,30,14,10,15,15,25
14,Molise,1,31,7,9,17,19,15
14,Molise,2,1,10,12,15,14,19
14,Molise,2,2,13,12,18,15,13
14,Molise,2,3,9,14,17,15,8
14,Molise,2,4,11,10,15,14,13
14,Molise,2,5,12,7,9,10,10
14,Molise,2,6,18,11,13,12,13
14,Molise,2,7,20,9,13,7,16
14,Molise,2,8,8,12,7,18,11
14,Molise,2,9,8,5,10,11,10
14,Molise,2,10,11,6,9,11,12
14,Molise,2,11,13,13,6,17,15
14,Molise,2,12,9,14,7,17,11
14,Molise,2,13,15,11,10,9,17
14,Molise,2,14,12,10,12,12,13
14,Molise,2,15,7,9,9,8,9
14,Molise,2,16,19,8,11,12,5
14,Molise,2,17,16,15,8,10,9
14,Molise,2,18,9,10,15,12,13
14,Molise,2,19,12,10,8,20,5
14,Molise,2,20,13,9,5,10,9
14,Molise,2,21,14,6,7,17,13
14,Molise,2,22,7,7,12,11,4
14,Molise,2,23,6,12,10,15,11
14,Molise,2,24,16,7,11,12,9
14,Molise,2,25,11,7,12,7,11
14,Molise,2,26,10,13,12,11,14
14,Molise,2,27,11,13,10,15,16
14,Molise,2,28,9,10,12,13,9
14,Molise,2,29,0,17,0,0,0
14,Molise,3,1,16,9,10,10,11
14,Molise,3,2,12,7,7,11,9
14,Molise,3,3,6,14,12,15,12
14,Molise,3,4,21,7,12,10,6
14,Molise,3,5,12,19,7,12,14
14,Molise,3,6,8,9,8,14,12
14,Molise,3,7,13,6,11,15,9
14,Molise,3,8,17,8,14,14,17
14,Molise,3,9,10,5,11,14,18
14,Molise,3,10,9,12,9,6,6
14,Molise,3,11,16,8,9,14,8
14,Molise,3,12,12,9,12,13,13
14,Molise,3,13,9,10,9,10,11
14,Molise,3,14,6,8,17,11,8
14,Molise,3,15,12,7,10,5,18
14,Molise,3,16,12,15,13,12,13
14,Molise,3,17,13,16,10,11,12
14,Molise,3,18,11,14,14,8,9
14,Molise,3,19,11,10,11,10,9
14,Molise,3,20,8,10,10,10,20
14,Molise,3,21,14,14,17,10,9
14,Molise,3,22,16,12,11,17,11
14,Molise,3,23,14,7,14,9,14
14,Molise,3,24,12,8,10,10,10
14,Molise,3,25,10,10,11,8,16
14,Molise,3,26,13,7,5,10,11
14,Molise,3,27,12,14,8,7,9
14,Molise,3,28,10,11,9,16,11
14,Molise,3,29,12,9,16,12,11
14,Molise,3,30,6,11,7,11,5
14,Molise,3,31,13,9,10,9,13
14,Molise,4,1,11,15,17,12,10
14,Molise,4,2,12,6,13,11,10
14,Molise,4,3,12,5,14,14,14
14,Molise,4,4,9,10,6,9,4
14,Molise,4,5,14,13,17,8,7
14,Molise,4,6,12,20,5,9,4
14,Molise,4,7,9,12,5,10,13
14,Molise,4,8,11,11,11,5,7
14,Molise,4,9,9,8,9,14,9
14,Molise,4,10,14,10,5,10,10
14,Molise,4,11,11,14,6,8,12
14,Molise,4,12,4,7,9,6,13
14,Molise,4,13,8,8,6,9,6
14,Molise,4,14,11,13,12,11,13
14,Molise,4,15,10,10,6,8,11
14,Molise,4,16,8,8,11,5,7
14,Molise,4,17,8,10,10,17,10
14,Molise,4,18,21,5,13,10,11
14,Molise,4,19,13,7,4,9,9
14,Molise,4,20,8,11,3,8,7
14,Molise,4,21,14,10,14,10,7
14,Molise,4,22,8,11,11,9,7
14,Molise,4,23,11,10,12,7,10
14,Molise,4,24,11,9,11,20,13
14,Molise,4,25,7,13,7,13,17
14,Molise,4,26,13,11,9,12,10
14,Molise,4,27,11,13,5,11,9
14,Molise,4,28,15,9,11,17,4
14,Molise,4,29,7,19,9,10,8
14,Molise,4,30,9,4,12,12,5
15,Campania,1,1,217,169,214,196,181
15,Campania,1,2,196,182,235,155,192
15,Campania,1,3,211,178,243,188,182
15,Campania,1,4,213,195,256,228,189
15,Campania,1,5,192,198,264,171,184
15,Campania,1,6,191,164,237,183,200
15,Campania,1,7,219,169,224,194,189
15,Campania,1,8,186,147,243,196,207
15,Campania,1,9,218,175,242,179,219
15,Campania,1,10,212,149,264,191,179
15,Campania,1,11,216,179,249,168,195
15,Campania,1,12,206,172,229,186,189
15,Campania,1,13,220,144,243,197,209
15,Campania,1,14,182,179,224,140,206
15,Campania,1,15,197,168,269,175,222
15,Campania,1,16,203,134,232,189,175
15,Campania,1,17,166,137,249,183,226
15,Campania,1,18,192,171,261,177,202
15,Campania,1,19,192,165,233,165,213
15,Campania,1,20,165,160,217,175,202
15,Campania,1,21,180,173,226,155,216
15,Campania,1,22,180,180,207,186,184
15,Campania,1,23,167,177,250,189,202
15,Campania,1,24,176,155,199,181,178
15,Campania,1,25,198,178,178,189,186
15,Campania,1,26,186,142,163,172,199
15,Campania,1,27,191,180,158,189,225
15,Campania,1,28,202,174,164,161,227
15,Campania,1,29,212,165,182,160,203
15,Campania,1,30,188,186,186,165,186
15,Campania,1,31,215,177,195,157,197
15,Campania,2,1,196,170,208,206,217
15,Campania,2,2,179,148,181,197,203
15,Campania,2,3,193,148,206,172,215
15,Campania,2,4,198,156,204,185,206
15,Campania,2,5,193,149,161,188,184
15,Campania,2,6,198,153,170,190,193
15,Campania,2,7,167,141,171,168,178
15,Campania,2,8,171,168,136,201,171
15,Campania,2,9,193,155,152,164,180
15,Campania,2,10,179,167,168,165,167
15,Campania,2,11,190,162,167,181,182
15,Campania,2,12,198,162,167,183,180
15,Campania,2,13,224,148,148,169,170
15,Campania,2,14,190,157,153,158,187
15,Campania,2,15,200,181,176,186,170
15,Campania,2,16,188,157,166,209,162
15,Campania,2,17,180,153,152,149,163
15,Campania,2,18,192,146,163,200,190
15,Campania,2,19,169,173,165,185,190
15,Campania,2,20,181,115,173,161,151
15,Campania,2,21,169,123,174,173,180
15,Campania,2,22,199,151,173,158,190
15,Campania,2,23,198,138,164,176,166
15,Campania,2,24,203,161,150,161,169
15,Campania,2,25,177,166,179,168,173
15,Campania,2,26,163,149,174,176,178
15,Campania,2,27,189,141,140,156,169
15,Campania,2,28,194,151,155,184,179
15,Campania,2,29,0,135,0,0,0
15,Campania,3,1,176,161,140,184,191
15,Campania,3,2,198,151,173,179,179
15,Campania,3,3,182,174,148,190,185
15,Campania,3,4,193,162,165,203,183
15,Campania,3,5,155,151,152,204,157
15,Campania,3,6,173,157,171,179,169
15,Campania,3,7,172,144,154,147,146
15,Campania,3,8,174,161,150,167,172
15,Campania,3,9,165,171,171,169,146
15,Campania,3,10,162,150,162,157,155
15,Campania,3,11,172,158,156,155,168
15,Campania,3,12,163,147,139,177,151
15,Campania,3,13,161,156,169,161,164
15,Campania,3,14,164,162,155,146,157
15,Campania,3,15,162,142,136,158,162
15,Campania,3,16,159,154,173,156,156
15,Campania,3,17,184,131,152,151,138
15,Campania,3,18,176,147,148,164,151
15,Campania,3,19,154,161,161,169,140
15,Campania,3,20,160,143,152,131,156
15,Campania,3,21,163,168,166,141,163
15,Campania,3,22,154,195,149,173,141
15,Campania,3,23,157,152,173,148,155
15,Campania,3,24,159,158,147,166,143
15,Campania,3,25,156,133,136,151,154
15,Campania,3,26,163,155,130,151,150
15,Campania,3,27,160,153,164,150,133
15,Campania,3,28,164,177,154,158,135
15,Campania,3,29,148,157,145,155,137
15,Campania,3,30,148,175,145,167,156
15,Campania,3,31,158,137,151,126,148
15,Campania,4,1,178,175,180,141,162
15,Campania,4,2,141,164,122,149,163
15,Campania,4,3,170,182,149,159,181
15,Campania,4,4,137,159,130,156,143
15,Campania,4,5,155,170,147,153,136
15,Campania,4,6,132,159,149,157,166
15,Campania,4,7,160,147,143,165,137
15,Campania,4,8,153,148,134,151,131
15,Campania,4,9,161,129,147,170,152
15,Campania,4,10,203,139,136,154,162
15,Campania,4,11,150,107,132,156,145
15,Campania,4,12,139,133,147,151,145
15,Campania,4,13,175,123,138,137,132
15,Campania,4,14,158,161,135,147,145
15,Campania,4,15,162,160,146,147,152
15,Campania,4,16,161,132,159,150,139
15,Campania,4,17,150,139,128,146,161
15,Campania,4,18,152,161,130,127,146
15,Campania,4,19,156,153,144,152,157
15,Campania,4,20,145,120,109,141,156
15,Campania,4,21,142,146,137,153,146
15,Campania,4,22,155,123,175,120,149
15,Campania,4,23,167,138,129,149,148
15,Campania,4,24,142,141,151,137,157
15,Campania,4,25,135,147,137,128,173
15,Campania,4,26,137,137,139,147,142
15,Campania,4,27,152,139,154,138,121
15,Campania,4,28,138,131,155,137,137
15,Campania,4,29,127,154,133,135,119
15,Campania,4,30,126,159,125,135,134
16,Puglia,1,1,129,123,151,131,126
16,Puglia,1,2,130,110,165,160,141
16,Puglia,1,3,125,125,173,163,134
16,Puglia,1,4,138,114,154,138,105
16,Puglia,1,5,140,98,141,132,124
16,Puglia,1,6,141,110,146,154,116
16,Puglia,1,7,127,113,155,145,126
16,Puglia,1,8,144,128,175,124,129
16,Puglia,1,9,152,120,170,145,131
16,Puglia,1,10,155,114,191,149,135
16,Puglia,1,11,139,120,184,144,116
16,Puglia,1,12,177,129,173,148,125
16,Puglia,1,13,159,109,186,138,125
16,Puglia,1,14,149,125,182,137,152
16,Puglia,1,15,156,98,162,137,143
16,Puglia,1,16,135,101,191,153,150
16,Puglia,1,17,133,94,148,135,136
16,Puglia,1,18,132,110,161,126,126
16,Puglia,1,19,124,104,151,127,144
16,Puglia,1,20,139,119,167,138,131
16,Puglia,1,21,134,134,153,122,169
16,Puglia,1,22,132,126,133,137,129
16,Puglia,1,23,126,122,145,139,142
16,Puglia,1,24,141,116,142,110,154
16,Puglia,1,25,132,103,143,135,134
16,Puglia,1,26,118,113,111,113,137
16,Puglia,1,27,94,124,128,123,154
16,Puglia,1,28,119,127,124,114,122
16,Puglia,1,29,107,125,137,121,126
16,Puglia,1,30,137,107,129,104,122
16,Puglia,1,31,104,115,134,103,154
16,Puglia,2,1,141,123,142,115,152
16,Puglia,2,2,131,102,128,116,136
16,Puglia,2,3,123,119,138,122,136
16,Puglia,2,4,120,110,116,119,138
16,Puglia,2,5,115,122,115,130,142
16,Puglia,2,6,131,97,132,130,174
16,Puglia,2,7,139,104,111,147,121
16,Puglia,2,8,107,117,109,134,132
16,Puglia,2,9,121,117,106,121,144
16,Puglia,2,10,113,121,97,114,120
16,Puglia,2,11,136,121,108,106,133
16,Puglia,2,12,122,127,114,104,138
16,Puglia,2,13,143,121,113,140,123
16,Puglia,2,14,145,120,110,114,126
16,Puglia,2,15,139,115,123,107,127
16,Puglia,2,16,124,124,110,101,121
16,Puglia,2,17,132,115,108,120,116
16,Puglia,2,18,114,124,123,137,120
16,Puglia,2,19,118,108,117,121,137
16,Puglia,2,20,119,100,134,118,135
16,Puglia,2,21,140,102,116,117,139
16,Puglia,2,22,101,104,109,109,116
16,Puglia,2,23,116,115,113,116,145
16,Puglia,2,24,145,120,107,121,119
16,Puglia,2,25,123,98,130,115,120
16,Puglia,2,26,128,109,128,108,131
16,Puglia,2,27,125,104,112,112,109
16,Puglia,2,28,100,109,131,104,139
16,Puglia,2,29,0,123,0,0,0
16,Puglia,3,1,101,105,111,93,128
16,Puglia,3,2,138,119,112,110,143
16,Puglia,3,3,128,112,110,131,133
16,Puglia,3,4,108,99,111,116,125
16,Puglia,3,5,111,97,105,124,127
16,Puglia,3,6,147,106,120,135,118
16,Puglia,3,7,106,100,107,130,141
16,Puglia,3,8,113,99,110,135,134
16,Puglia,3,9,103,101,104,118,133
16,Puglia,3,10,111,103,123,130,100
16,Puglia,3,11,114,116,94,119,109
16,Puglia,3,12,117,122,118,109,112
16,Puglia,3,13,112,106,116,118,126
16,Puglia,3,14,97,113,118,109,116
16,Puglia,3,15,110,99,118,111,115
16,Puglia,3,16,122,94,106,122,112
16,Puglia,3,17,134,109,108,121,120
16,Puglia,3,18,116,106,92,134,135
16,Puglia,3,19,112,121,118,108,124
16,Puglia,3,20,114,103,115,119,122
16,Puglia,3,21,122,90,111,115,104
16,Puglia,3,22,120,116,114,105,88
16,Puglia,3,23,118,113,105,93,101
16,Puglia,3,24,110,109,124,92,114
16,Puglia,3,25,121,96,113,94,134
16,Puglia,3,26,109,95,86,109,121
16,Puglia,3,27,122,89,124,104,101
16,Puglia,3,28,104,108,96,104,131
16,Puglia,3,29,110,122,121,118,115
16,Puglia,3,30,119,110,112,115,105
16,Puglia,3,31,115,114,118,103,121
16,Puglia,4,1,104,124,117,97,108
16,Puglia,4,2,111,103,101,122,110
16,Puglia,4,3,130,98,107,129,117
16,Puglia,4,4,113,100,83,94,117
16,Puglia,4,5,114,102,93,120,78
16,Puglia,4,6,114,116,105,112,100
16,Puglia,4,7,128,124,104,113,115
16,Puglia,4,8,119,91,89,93,117
16,Puglia,4,9,109,107,92,101,101
16,Puglia,4,10,118,92,104,106,110
16,Puglia,4,11,106,97,108,112,102
16,Puglia,4,12,109,112,106,99,114
16,Puglia,4,13,103,102,125,100,104
16,Puglia,4,14,124,113,116,94,96
16,Puglia,4,15,106,105,105,104,110
16,Puglia,4,16,113,104,107,111,112
16,Puglia,4,17,119,105,105,102,109
16,Puglia,4,18,113,96,99,89,109
16,Puglia,4,19,95,100,111,119,128
16,Puglia,4,20,98,108,89,100,90
16,Puglia,4,21,100,103,84,103,108
16,Puglia,4,22,103,103,95,99,113
16,Puglia,4,23,99,118,103,98,106
16,Puglia,4,24,97,98,99,114,102
16,Puglia,4,25,78,101,117,103,92
16,Puglia,4,26,112,91,96,116,112
16,Puglia,4,27,89,85,120,103,111
16,Puglia,4,28,104,94,105,103,93
16,Puglia,4,29,108,92,113,99,112
16,Puglia,4,30,110,85,87,95,102
17,Basilicata,1,1,18,20,20,24,13
17,Basilicata,1,2,17,26,23,29,20
17,Basilicata,1,3,22,20,28,28,15
17,Basilicata,1,4,19,14,31,27,29
17,Basilicata,1,5,14,21,22,29,21
17,Basilicata,1,6,23,25,28,23,24
17,Basilicata,1,7,18,20,25,22,24
17,Basilicata,1,8,21,17,19,29,17
17,Basilicata,1,9,21,14,22,26,18
17,Basilicata,1,10,13,17,25,18,24
17,Basilicata,1,11,23,22,25,21,21
17,Basilicata,1,12,20,12,24,18,19
17,Basilicata,1,13,27,26,21,21,25
17,Basilicata,1,14,25,13,24,20,15
17,Basilicata,1,15,23,18,26,26,17
17,Basilicata,1,16,17,18,34,26,23
17,Basilicata,1,17,22,15,26,18,18
17,Basilicata,1,18,29,20,20,21,27
17,Basilicata,1,19,30,12,19,24,19
17,Basilicata,1,20,17,16,22,23,22
17,Basilicata,1,21,19,20,19,19,8
17,Basilicata,1,22,13,17,20,31,26
17,Basilicata,1,23,17,23,22,23,22
17,Basilicata,1,24,16,16,26,22,19
17,Basilicata,1,25,14,15,30,24,17
17,Basilicata,1,26,26,13,18,13,16
17,Basilicata,1,27,16,18,16,18,21
17,Basilicata,1,28,18,19,20,22,29
17,Basilicata,1,29,18,24,24,19,26
17,Basilicata,1,30,20,14,24,17,18
17,Basilicata,1,31,15,16,22,30,19
17,Basilicata,2,1,24,16,22,29,24
17,Basilicata,2,2,12,19,18,25,31
17,Basilicata,2,3,27,20,14,16,18
17,Basilicata,2,4,24,17,23,22,21
17,Basilicata,2,5,19,23,21,20,25
17,Basilicata,2,6,27,10,25,21,20
17,Basilicata,2,7,22,9,19,7,25
17,Basilicata,2,8,22,15,8,22,22
17,Basilicata,2,9,21,24,16,23,39
17,Basilicata,2,10,14,22,14,22,24
17,Basilicata,2,11,22,29,16,28,26
17,Basilicata,2,12,20,18,18,27,22
17,Basilicata,2,13,22,18,15,22,24
17,Basilicata,2,14,25,19,14,25,22
17,Basilicata,2,15,26,17,11,14,28
17,Basilicata,2,16,21,22,19,19,22
17,Basilicata,2,17,13,12,14,20,18
17,Basilicata,2,18,18,22,19,20,29
17,Basilicata,2,19,11,24,17,15,20
17,Basilicata,2,20,23,19,14,21,14
17,Basilicata,2,21,24,9,22,13,27
17,Basilicata,2,22,22,18,24,18,18
17,Basilicata,2,23,22,23,23,20,19
17,Basilicata,2,24,25,17,24,23,18
17,Basilicata,2,25,21,23,15,16,21
17,Basilicata,2,26,23,23,18,16,17
17,Basilicata,2,27,19,26,14,16,30
17,Basilicata,2,28,18,15,18,18,29
17,Basilicata,2,29,0,14,0,0,0
17,Basilicata,3,1,18,18,30,18,22
17,Basilicata,3,2,18,20,25,19,21
17,Basilicata,3,3,22,12,21,17,28
17,Basilicata,3,4,18,15,21,28,18
17,Basilicata,3,5,20,15,23,18,28
17,Basilicata,3,6,24,12,25,19,25
17,Basilicata,3,7,18,24,25,13,16
17,Basilicata,3,8,19,14,24,18,18
17,Basilicata,3,9,23,8,17,13,22
17,Basilicata,3,10,15,15,17,13,31
17,Basilicata,3,11,18,13,30,15,22
17,Basilicata,3,12,18,18,13,9,14
17,Basilicata,3,13,13,15,22,15,17
17,Basilicata,3,14,17,16,15,13,25
17,Basilicata,3,15,24,25,22,11,20
17,Basilicata,3,16,20,25,15,21,16
17,Basilicata,3,17,23,17,19,17,20
17,Basilicata,3,18,20,19,15,18,19
17,Basilicata,3,19,16,18,19,20,24
17,Basilicata,3,20,20,12,23,17,27
17,Basilicata,3,21,20,26,27,14,21
17,Basilicata,3,22,29,16,16,18,26
17,Basilicata,3,23,14,27,39,11,21
17,Basilicata,3,24,20,13,18,29,22
17,Basilicata,3,25,20,16,12,14,26
17,Basilicata,3,26,12,14,18,17,12
17,Basilicata,3,27,17,21,18,12,11
17,Basilicata,3,28,18,28,10,20,25
17,Basilicata,3,29,11,14,16,20,22
17,Basilicata,3,30,21,16,20,11,16
17,Basilicata,3,31,19,18,14,15,14
17,Basilicata,4,1,27,22,19,23,15
17,Basilicata,4,2,19,18,21,7,17
17,Basilicata,4,3,17,16,19,16,13
17,Basilicata,4,4,14,19,23,20,13
17,Basilicata,4,5,18,25,16,14,19
17,Basilicata,4,6,21,11,18,17,16
17,Basilicata,4,7,23,16,16,16,22
17,Basilicata,4,8,17,19,17,13,24
17,Basilicata,4,9,16,24,13,17,16
17,Basilicata,4,10,13,22,19,17,18
17,Basilicata,4,11,16,13,23,20,13
17,Basilicata,4,12,23,17,16,16,10
17,Basilicata,4,13,23,20,12,16,9
17,Basilicata,4,14,17,23,8,18,9
17,Basilicata,4,15,17,19,18,19,19
17,Basilicata,4,16,20,18,15,16,17
17,Basilicata,4,17,21,20,14,12,13
17,Basilicata,4,18,15,26,22,18,18
17,Basilicata,4,19,17,26,15,13,27
17,Basilicata,4,20,14,17,21,13,11
17,Basilicata,4,21,15,12,12,24,15
17,Basilicata,4,22,18,17,18,15,28
17,Basilicata,4,23,19,23,14,9,13
17,Basilicata,4,24,13,17,19,20,16
17,Basilicata,4,25,15,18,15,17,23
17,Basilicata,4,26,18,19,13,20,26
17,Basilicata,4,27,20,17,19,18,14
17,Basilicata,4,28,18,14,20,17,16
17,Basilicata,4,29,19,24,19,15,10
17,Basilicata,4,30,16,15,12,14,15
18,Calabria,1,1,75,65,93,75,67
18,Calabria,1,2,75,52,64,72,62
18,Calabria,1,3,71,69,85,96,60
18,Calabria,1,4,61,71,89,85,64
18,Calabria,1,5,62,61,80,84,66
18,Calabria,1,6,75,60,80,85,74
18,Calabria,1,7,56,83,63,59,69
18,Calabria,1,8,64,50,75,77,62
18,Calabria,1,9,82,70,97,87,67
18,Calabria,1,10,78,54,98,70,68
18,Calabria,1,11,71,49,96,87,79
18,Calabria,1,12,69,64,96,65,68
18,Calabria,1,13,60,58,112,77,69
18,Calabria,1,14,63,53,85,83,70
18,Calabria,1,15,65,62,97,67,71
18,Calabria,1,16,62,58,96,64,62
18,Calabria,1,17,61,57,89,74,95
18,Calabria,1,18,76,64,90,71,70
18,Calabria,1,19,50,55,76,70,65
18,Calabria,1,20,63,64,82,47,82
18,Calabria,1,21,74,59,81,68,79
18,Calabria,1,22,74,44,94,70,70
18,Calabria,1,23,52,55,71,78,71
18,Calabria,1,24,71,64,88,56,78
18,Calabria,1,25,73,51,67,65,92
18,Calabria,1,26,57,52,77,75,79
18,Calabria,1,27,61,51,67,67,70
18,Calabria,1,28,54,54,66,75,80
18,Calabria,1,29,70,54,62,74,61
18,Calabria,1,30,60,62,75,66,72
18,Calabria,1,31,78,42,72,46,84
18,Calabria,2,1,58,51,66,70,75
18,Calabria,2,2,72,60,67,68,84
18,Calabria,2,3,74,64,71,57,59
18,Calabria,2,4,84,55,62,60,66
18,Calabria,2,5,72,60,67,51,85
18,Calabria,2,6,64,61,70,51,74
18,Calabria,2,7,75,75,64,54,70
18,Calabria,2,8,62,64,69,48,48
18,Calabria,2,9,69,60,70,71,66
18,Calabria,2,10,69,69,70,73,73
18,Calabria,2,11,85,61,60,58,76
18,Calabria,2,12,59,50,49,75,57
18,Calabria,2,13,63,53,65,72,62
18,Calabria,2,14,63,62,61,68,58
18,Calabria,2,15,71,76,55,55,77
18,Calabria,2,16,61,51,67,48,70
18,Calabria,2,17,77,52,60,71,68
18,Calabria,2,18,73,58,60,68,73
18,Calabria,2,19,66,63,64,61,72
18,Calabria,2,20,75,45,55,56,68
18,Calabria,2,21,66,64,59,59,62
18,Calabria,2,22,90,46,48,75,71
18,Calabria,2,23,72,65,56,64,69
18,Calabria,2,24,63,59,58,65,76
18,Calabria,2,25,67,60,61,51,72
18,Calabria,2,26,61,51,70,67,70
18,Calabria,2,27,61,47,57,60,69
18,Calabria,2,28,58,61,53,61,74
18,Calabria,2,29,0,66,0,0,0
18,Calabria,3,1,44,63,48,74,71
18,Calabria,3,2,69,53,65,64,66
18,Calabria,3,3,68,60,52,60,73
18,Calabria,3,4,66,57,60,58,74
18,Calabria,3,5,79,63,63,66,67
18,Calabria,3,6,66,48,61,56,59
18,Calabria,3,7,57,57,55,59,82
18,Calabria,3,8,63,66,59,71,80
18,Calabria,3,9,60,57,53,60,69
18,Calabria,3,10,61,73,64,45,57
18,Calabria,3,11,72,67,61,63,71
18,Calabria,3,12,73,50,53,59,60
18,Calabria,3,13,60,52,73,61,63
18,Calabria,3,14,61,49,54,44,63
18,Calabria,3,15,67,62,67,59,67
18,Calabria,3,16,63,43,61,68,58
18,Calabria,3,17,78,57,59,63,62
18,Calabria,3,18,64,50,65,63,67
18,Calabria,3,19,45,48,56,60,60
18,Calabria,3,20,70,70,63,54,54
18,Calabria,3,21,64,53,76,65,63
18,Calabria,3,22,66,70,72,52,67
18,Calabria,3,23,67,56,59,51,59
18,Calabria,3,24,71,61,51,51,67
18,Calabria,3,25,67,49,55,59,63
18,Calabria,3,26,61,43,60,45,54
18,Calabria,3,27,55,41,57,60,58
18,Calabria,3,28,46,61,54,51,61
18,Calabria,3,29,55,56,52,56,45
18,Calabria,3,30,72,48,48,63,69
18,Calabria,3,31,50,47,68,48,39
18,Calabria,4,1,80,66,56,57,48
18,Calabria,4,2,69,64,46,60,61
18,Calabria,4,3,60,62,56,51,65
18,Calabria,4,4,50,53,63,59,63
18,Calabria,4,5,42,53,60,60,63
18,Calabria,4,6,60,61,67,50,43
18,Calabria,4,7,46,52,52,53,55
18,Calabria,4,8,46,65,47,48,53
18,Calabria,4,9,61,57,56,50,49
18,Calabria,4,10,59,39,66,60,57
18,Calabria,4,11,62,66,65,54,56
18,Calabria,4,12,65,57,38,47,59
18,Calabria,4,13,67,60,45,56,63
18,Calabria,4,14,71,56,61,39,56
18,Calabria,4,15,52,53,52,57,61
18,Calabria,4,16,68,47,44,58,48
18,Calabria,4,17,64,48,55,53,49
18,Calabria,4,18,52,48,56,54,67
18,Calabria,4,19,63,46,49,49,51
18,Calabria,4,20,62,53,54,55,55
18,Calabria,4,21,54,60,52,37,49
18,Calabria,4,22,60,43,64,50,58
18,Calabria,4,23,57,70,47,61,45
18,Calabria,4,24,63,55,61,46,55
18,Calabria,4,25,55,48,75,58,56
18,Calabria,4,26,51,54,48,45,63
18,Calabria,4,27,62,42,40,49,46
18,Calabria,4,28,52,47,61,53,50
18,Calabria,4,29,45,52,54,48,49
18,Calabria,4,30,56,62,55,36,46
19,Sicilia,1,1,189,183,179,197,189
19,Sicilia,1,2,193,159,209,206,198
19,Sicilia,1,3,192,152,191,195,164
19,Sicilia,1,4,192,172,184,208,190
19,Sicilia,1,5,182,176,186,194,167
19,Sicilia,1,6,182,170,187,198,184
19,Sicilia,1,7,173,162,181,199,184
19,Sicilia,1,8,177,158,178,202,205
19,Sicilia,1,9,150,148,220,217,173
19,Sicilia,1,10,177,165,192,183,197
19,Sicilia,1,11,177,169,215,171,189
19,Sicilia,1,12,175,177,209,165,200
19,Sicilia,1,13,172,150,224,181,180
19,Sicilia,1,14,162,141,198,164,186
19,Sicilia,1,15,193,131,211,183,187
19,Sicilia,1,16,164,145,223,193,206
19,Sicilia,1,17,164,159,201,174,209
19,Sicilia,1,18,194,148,238,169,207
19,Sicilia,1,19,178,155,211,155,197
19,Sicilia,1,20,175,171,230,171,227
19,Sicilia,1,21,162,188,204,181,205
19,Sicilia,1,22,145,181,188,177,196
19,Sicilia,1,23,161,147,225,183,197
19,Sicilia,1,24,142,175,232,176,176
19,Sicilia,1,25,158,146,218,165,192
19,Sicilia,1,26,150,162,203,176,176
19,Sicilia,1,27,153,168,195,179,189
19,Sicilia,1,28,161,161,200,173,194
19,Sicilia,1,29,141,160,179,201,185
19,Sicilia,1,30,196,162,190,179,220
19,Sicilia,1,31,163,157,166,159,171
19,Sicilia,2,1,184,182,220,174,199
19,Sicilia,2,2,188,158,193,164,197
19,Sicilia,2,3,178,149,206,197,187
19,Sicilia,2,4,173,150,204,177,217
19,Sicilia,2,5,186,140,176,185,190
19,Sicilia,2,6,196,147,189,166,189
19,Sicilia,2,7,154,165,196,160,192
19,Sicilia,2,8,178,186,163,148,182
19,Sicilia,2,9,192,179,174,174,167
19,Sicilia,2,10,181,181,196,163,195
19,Sicilia,2,11,176,161,155,184,198
19,Sicilia,2,12,190,140,153,173,195
19,Sicilia,2,13,196,170,157,157,155
19,Sicilia,2,14,164,156,167,190,171
19,Sicilia,2,15,185,155,197,184,165
19,Sicilia,2,16,209,157,184,184,171
19,Sicilia,2,17,178,162,198,146,184
19,Sicilia,2,18,197,175,170,188,167
19,Sicilia,2,19,163,136,170,174,180
19,Sicilia,2,20,182,137,164,174,185
19,Sicilia,2,21,161,162,165,167,172
19,Sicilia,2,22,200,169,147,187,159
19,Sicilia,2,23,168,152,163,192,161
19,Sicilia,2,24,192,163,131,160,162
19,Sicilia,2,25,170,189,171,177,175
19,Sicilia,2,26,192,157,181,191,152
19,Sicilia,2,27,168,124,164,173,161
19,Sicilia,2,28,146,131,173,184,176
19,Sicilia,2,29,0,139,0,0,0
19,Sicilia,3,1,195,152,172,202,211
19,Sicilia,3,2,176,152,174,201,193
19,Sicilia,3,3,183,175,164,158,177
19,Sicilia,3,4,202,143,162,183,182
19,Sicilia,3,5,180,143,169,202,181
19,Sicilia,3,6,179,164,164,162,165
19,Sicilia,3,7,180,158,143,173,178
19,Sicilia,3,8,187,164,160,158,177
19,Sicilia,3,9,171,164,146,150,150
19,Sicilia,3,10,180,186,175,160,158
19,Sicilia,3,11,155,152,179,177,161
19,Sicilia,3,12,182,158,163,159,173
19,Sicilia,3,13,157,161,159,152,171
19,Sicilia,3,14,168,144,171,172,157
19,Sicilia,3,15,171,164,142,174,158
19,Sicilia,3,16,170,158,170,167,188
19,Sicilia,3,17,182,178,172,148,157
19,Sicilia,3,18,142,191,151,135,155
19,Sicilia,3,19,146,168,146,147,154
19,Sicilia,3,20,170,158,159,160,155
19,Sicilia,3,21,162,155,167,126,136
19,Sicilia,3,22,171,201,186,159,149
19,Sicilia,3,23,180,174,162,138,130
19,Sicilia,3,24,164,141,142,136,155
19,Sicilia,3,25,164,141,162,142,163
19,Sicilia,3,26,158,132,144,160,146
19,Sicilia,3,27,149,144,165,149,161
19,Sicilia,3,28,159,123,169,156,166
19,Sicilia,3,29,125,150,161,163,141
19,Sicilia,3,30,162,147,143,188,147
19,Sicilia,3,31,144,151,145,151,143
19,Sicilia,4,1,181,156,140,160,159
19,Sicilia,4,2,148,146,154,165,134
19,Sicilia,4,3,164,142,146,162,167
19,Sicilia,4,4,133,139,138,143,154
19,Sicilia,4,5,149,143,137,143,149
19,Sicilia,4,6,145,142,132,150,136
19,Sicilia,4,7,130,148,147,147,152
19,Sicilia,4,8,145,144,117,165,139
19,Sicilia,4,9,154,124,138,145,170
19,Sicilia,4,10,188,129,150,128,171
19,Sicilia,4,11,144,148,133,141,160
19,Sicilia,4,12,169,137,150,154,153
19,Sicilia,4,13,157,127,173,133,142
19,Sicilia,4,14,139,181,169,134,143
19,Sicilia,4,15,149,129,145,148,157
19,Sicilia,4,16,144,135,137,132,130
19,Sicilia,4,17,153,151,131,144,146
19,Sicilia,4,18,142,150,143,144,147
19,Sicilia,4,19,141,166,142,157,132
19,Sicilia,4,20,169,143,131,148,132
19,Sicilia,4,21,163,134,136,128,148
19,Sicilia,4,22,135,120,142,138,143
19,Sicilia,4,23,130,135,138,138,155
19,Sicilia,4,24,130,125,131,130,151
19,Sicilia,4,25,138,127,122,119,165
19,Sicilia,4,26,152,135,132,141,162
19,Sicilia,4,27,153,125,168,129,128
19,Sicilia,4,28,143,130,138,143,129
19,Sicilia,4,29,154,115,132,139,143
19,Sicilia,4,30,143,143,119,127,140
20,Sardegna,1,1,65,45,57,70,54
20,Sardegna,1,2,48,45,52,60,47
20,Sardegna,1,3,53,43,71,59,46
20,Sardegna,1,4,51,60,60,63,38
20,Sardegna,1,5,57,53,48,70,48
20,Sardegna,1,6,43,48,44,51,40
20,Sardegna,1,7,49,55,49,65,51
20,Sardegna,1,8,44,52,59,62,54
20,Sardegna,1,9,48,40,58,57,61
20,Sardegna,1,10,54,40,61,62,63
20,Sardegna,1,11,56,45,55,50,75
20,Sardegna,1,12,77,42,61,53,48
20,Sardegna,1,13,42,41,65,51,55
20,Sardegna,1,14,45,55,62,45,49
20,Sardegna,1,15,42,45,66,57,49
20,Sardegna,1,16,53,52,73,67,67
20,Sardegna,1,17,45,41,76,51,56
20,Sardegna,1,18,49,47,66,46,55
20,Sardegna,1,19,60,41,72,55,58
20,Sardegna,1,20,47,50,65,61,46
20,Sardegna,1,21,41,44,74,56,67
20,Sardegna,1,22,51,68,51,56,58
20,Sardegna,1,23,52,49,66,38,52
20,Sardegna,1,24,47,56,64,43,76
20,Sardegna,1,25,46,43,72,52,59
20,Sardegna,1,26,42,56,50,53,61
20,Sardegna,1,27,65,55,62,51,61
20,Sardegna,1,28,51,47,66,39,48
20,Sardegna,1,29,58,45,46,67,69
20,Sardegna,1,30,60,51,70,47,66
20,Sardegna,1,31,76,44,62,48,60
20,Sardegna,2,1,61,63,49,67,49
20,Sardegna,2,2,58,43,66,74,45
20,Sardegna,2,3,59,52,53,48,53
20,Sardegna,2,4,51,49,61,60,58
20,Sardegna,2,5,65,41,56,48,60
20,Sardegna,2,6,59,48,47,45,51
20,Sardegna,2,7,54,48,59,63,54
20,Sardegna,2,8,72,42,62,55,49
20,Sardegna,2,9,69,42,64,54,44
20,Sardegna,2,10,61,53,58,49,52
20,Sardegna,2,11,74,40,43,54,53
20,Sardegna,2,12,49,54,42,56,44
20,Sardegna,2,13,59,55,47,42,46
20,Sardegna,2,14,57,53,57,45,62
20,Sardegna,2,15,39,58,62,52,50
20,Sardegna,2,16,61,53,32,54,56
20,Sardegna,2,17,58,41,55,45,49
20,Sardegna,2,18,57,46,57,56,49
20,Sardegna,2,19,60,45,50,60,59
20,Sardegna,2,20,54,53,43,54,44
20,Sardegna,2,21,73,55,47,56,60
20,Sardegna,2,22,54,49,53,51,47
20,Sardegna,2,23,60,44,37,54,44
20,Sardegna,2,24,45,55,50,65,54
20,Sardegna,2,25,41,38,39,54,56
20,Sardegna,2,26,62,47,37,61,55
20,Sardegna,2,27,63,40,42,56,58
20,Sardegna,2,28,51,54,54,71,58
20,Sardegna,2,29,0,38,0,0,0
20,Sardegna,3,1,56,51,47,58,51
20,Sardegna,3,2,57,46,36,51,70
20,Sardegna,3,3,50,59,36,60,40
20,Sardegna,3,4,51,33,48,64,63
20,Sardegna,3,5,62,40,30,59,45
20,Sardegna,3,6,49,47,33,43,52
20,Sardegna,3,7,41,50,44,48,50
20,Sardegna,3,8,58,42,41,48,67
20,Sardegna,3,9,54,48,40,57,57
20,Sardegna,3,10,62,44,56,39,52
20,Sardegna,3,11,45,49,62,51,56
20,Sardegna,3,12,48,53,49,75,53
20,Sardegna,3,13,42,49,43,67,57
20,Sardegna,3,14,52,58,38,53,53
20,Sardegna,3,15,53,44,53,39,50
20,Sardegna,3,16,50,43,44,54,51
20,Sardegna,3,17,51,56,36,47,52
20,Sardegna,3,18,53,46,45,46,47
20,Sardegna,3,19,54,52,36,50,29
20,Sardegna,3,20,46,49,47,43,55
20,Sardegna,3,21,45,70,47,52,46
20,Sardegna,3,22,35,50,51,58,51
20,Sardegna,3,23,59,42,56,48,54
20,Sardegna,3,24,41,50,43,38,42
20,Sardegna,3,25,50,47,44,54,58
20,Sardegna,3,26,52,47,36,52,58
20,Sardegna,3,27,46,40,50,46,51
20,Sardegna,3,28,51,41,33,38,47
20,Sardegna,3,29,46,48,43,67,46
20,Sardegna,3,30,36,48,51,45,50
20,Sardegna,3,31,51,47,49,51,40
20,Sardegna,4,1,41,47,44,48,50
20,Sardegna,4,2,37,39,49,50,52
20,Sardegna,4,3,34,44,43,38,49
20,Sardegna,4,4,46,43,49,57,55
20,Sardegna,4,5,36,47,54,54,56
20,Sardegna,4,6,46,41,38,48,51
20,Sardegna,4,7,36,31,46,61,44
20,Sardegna,4,8,52,48,45,42,42
20,Sardegna,4,9,50,54,38,54,38
20,Sardegna,4,10,40,42,46,52,48
20,Sardegna,4,11,61,52,38,46,47
20,Sardegna,4,12,55,42,36,28,46
20,Sardegna,4,13,43,42,44,38,61
20,Sardegna,4,14,48,37,37,45,49
20,Sardegna,4,15,58,48,42,33,41
20,Sardegna,4,16,55,44,38,32,52
20,Sardegna,4,17,39,49,41,57,47
20,Sardegna,4,18,46,46,41,44,49
20,Sardegna,4,19,56,46,40,37,45
20,Sardegna,4,20,46,54,36,39,41
20,Sardegna,4,21,36,44,37,46,52
20,Sardegna,4,22,44,46,44,42,42
20,Sardegna,4,23,36,51,42,47,64
20,Sardegna,4,24,45,43,44,51,60
20,Sardegna,4,25,51,32,58,49,54
20,Sardegna,4,26,35,42,60,44,37
20,Sardegna,4,27,53,31,60,41,35
20,Sardegna,4,28,50,51,47,41,47
20,Sardegna,4,29,43,52,47,48,36
20,Sardegna,4,30,35,35,33,37,36